id,title,rating,uri,年份,地区,类型,主演
37116612,世界的主人,9.2,douban://douban.com/movie/37116612,2025,韩国,剧情,尹佳恩
36926954,杀的就是你,7.0,douban://douban.com/movie/36926954,2026,美国,喜剧,基里尔·索科洛夫
36926954,杀的就是你,7.0,douban://douban.com/movie/36926954,2026,美国,动作,基里尔·索科洛夫
36926954,杀的就是你,7.0,douban://douban.com/movie/36926954,2026,美国,恐怖,基里尔·索科洛夫
37427884,我的麻烦室友,6.1,douban://douban.com/movie/37427884,2026,美国,喜剧,钱德勒·莱瓦科
36779303,巅峰猎杀,6.4,douban://douban.com/movie/36779303,2026,加拿大 澳大利亚 美国 冰岛,动作,巴塔萨·科马库
36779303,巅峰猎杀,6.4,douban://douban.com/movie/36779303,2026,加拿大 澳大利亚 美国 冰岛,惊悚,巴塔萨·科马库
37019075,蒙特利尔，我的美人,7.6,douban://douban.com/movie/37019075,2025,法国 加拿大,剧情,和晓丹
37019075,蒙特利尔，我的美人,7.6,douban://douban.com/movie/37019075,2025,法国 加拿大,同性,和晓丹
36978169,与王生活的男人,7.5,douban://douban.com/movie/36978169,2026,韩国,剧情,张抗俊
36978169,与王生活的男人,7.5,douban://douban.com/movie/36978169,2026,韩国,历史,张抗俊
36413501,情感价值,7.6,douban://douban.com/movie/36413501,2025,挪威 德国 丹麦 法国 瑞典 英国,剧情,约阿希姆·提尔
37311135,飞驰人生3,7.3,douban://douban.com/movie/37311135,2026,中国大陆,剧情,韩寒
37311135,飞驰人生3,7.3,douban://douban.com/movie/37311135,2026,中国大陆,喜剧,韩寒
37311135,飞驰人生3,7.3,douban://douban.com/movie/37311135,2026,中国大陆,运动,韩寒
36219411,像我这样的爱情,7.1,douban://douban.com/movie/36219411,2025,中国香港,剧情,谭惠贞
36219411,像我这样的爱情,7.1,douban://douban.com/movie/36219411,2025,中国香港,爱情,谭惠贞
36909312,翠湖,7.8,douban://douban.com/movie/36909312,2025,中国大陆,剧情,王籽璇
36832900,准备好了没2：我来了,6.0,douban://douban.com/movie/36832900,2026,美国 加拿大,喜剧,泰勒·吉勒特 马特·贝蒂内利-奥尔平
36832900,准备好了没2：我来了,6.0,douban://douban.com/movie/36832900,2026,美国 加拿大,惊悚,泰勒·吉勒特 马特·贝蒂内利-奥尔平
36832900,准备好了没2：我来了,6.0,douban://douban.com/movie/36832900,2026,美国 加拿大,恐怖,泰勒·吉勒特 马特·贝蒂内利-奥尔平
26022233,蜂蜜的针,7.1,douban://douban.com/movie/26022233,2026,中国大陆,爱情,袁梅
26022233,蜂蜜的针,7.1,douban://douban.com/movie/26022233,2026,中国大陆,悬疑,袁梅
26022233,蜂蜜的针,7.1,douban://douban.com/movie/26022233,2026,中国大陆,犯罪,袁梅
34864022,请求救援,6.7,douban://douban.com/movie/34864022,2026,美国 加拿大 英国 澳大利亚 泰国,惊悚,山姆·雷米
34864022,请求救援,6.7,douban://douban.com/movie/34864022,2026,美国 加拿大 英国 澳大利亚 泰国,恐怖,山姆·雷米
34864022,请求救援,6.7,douban://douban.com/movie/34864022,2026,美国 加拿大 英国 澳大利亚 泰国,冒险,山姆·雷米
36697078,密探,7.8,douban://douban.com/movie/36697078,2025,巴西 法国 荷兰 德国,剧情,小克莱伯·门多萨
36697078,密探,7.8,douban://douban.com/movie/36697078,2025,巴西 法国 荷兰 德国,悬疑,小克莱伯·门多萨
36697078,密探,7.8,douban://douban.com/movie/36697078,2025,巴西 法国 荷兰 德国,惊悚,小克莱伯·门多萨
36697078,密探,7.8,douban://douban.com/movie/36697078,2025,巴西 法国 荷兰 德国,犯罪,小克莱伯·门多萨
36999793,河狸变身计划,7.5,douban://douban.com/movie/36999793,2026,美国,喜剧,丹尼尔·钟
36999793,河狸变身计划,7.5,douban://douban.com/movie/36999793,2026,美国,科幻,丹尼尔·钟
36999793,河狸变身计划,7.5,douban://douban.com/movie/36999793,2026,美国,动画,丹尼尔·钟
37077505,爆弹,7.3,douban://douban.com/movie/37077505,2025,日本,悬疑,永井聪
37077505,爆弹,7.3,douban://douban.com/movie/37077505,2025,日本,犯罪,永井聪
36963690,呼啸山庄,6.2,douban://douban.com/movie/36963690,2026,英国 美国,剧情,埃默拉尔德·芬内尔
36963690,呼啸山庄,6.2,douban://douban.com/movie/36963690,2026,英国 美国,爱情,埃默拉尔德·芬内尔
37284351,局外人,7.3,douban://douban.com/movie/37284351,2025,法国,剧情,弗朗索瓦·欧容
37284351,局外人,7.3,douban://douban.com/movie/37284351,2025,法国,犯罪,弗朗索瓦·欧容
37312482,爱上平行时空的你,8.1,douban://douban.com/movie/37312482,2025,俄罗斯,剧情,达里娅·列别杰娃
37312482,爱上平行时空的你,8.1,douban://douban.com/movie/37312482,2025,俄罗斯,喜剧,达里娅·列别杰娃
37312482,爱上平行时空的你,8.1,douban://douban.com/movie/37312482,2025,俄罗斯,爱情,达里娅·列别杰娃
37312482,爱上平行时空的你,8.1,douban://douban.com/movie/37312482,2025,俄罗斯,奇幻,达里娅·列别杰娃
37066724,他年她日,7.5,douban://douban.com/movie/37066724,2025,中国香港 中国台湾,爱情,龚兆平
37066724,他年她日,7.5,douban://douban.com/movie/37066724,2025,中国香港 中国台湾,奇幻,龚兆平
36486147,总统的蛋糕,7.9,douban://douban.com/movie/36486147,2025,伊拉克 美国 卡塔尔,剧情,哈桑·哈迪
37211128,熊猫计划之部落奇遇记,5.4,douban://douban.com/movie/37211128,2026,中国大陆,喜剧,许宏宇
37211128,熊猫计划之部落奇遇记,5.4,douban://douban.com/movie/37211128,2026,中国大陆,奇幻,许宏宇
37049323,秒速5厘米,7.4,douban://douban.com/movie/37049323,2025,日本,剧情,奥山由之
37049323,秒速5厘米,7.4,douban://douban.com/movie/37049323,2025,日本,爱情,奥山由之
35618471,哈姆奈特,7.8,douban://douban.com/movie/35618471,2025,英国 美国,剧情,赵婷
35618471,哈姆奈特,7.8,douban://douban.com/movie/35618471,2025,英国 美国,爱情,赵婷
35618471,哈姆奈特,7.8,douban://douban.com/movie/35618471,2025,英国 美国,传记,赵婷
35618471,哈姆奈特,7.8,douban://douban.com/movie/35618471,2025,英国 美国,历史,赵婷
36883105,星河入梦,6.9,douban://douban.com/movie/36883105,2026,中国大陆 中国香港,科幻,韩延
36883105,星河入梦,6.9,douban://douban.com/movie/36883105,2026,中国大陆 中国香港,奇幻,韩延
36883105,星河入梦,6.9,douban://douban.com/movie/36883105,2026,中国大陆 中国香港,冒险,韩延
36539452,拼桌,6.2,douban://douban.com/movie/36539452,2026,中国大陆,喜剧,吴靖
36539452,拼桌,6.2,douban://douban.com/movie/36539452,2026,中国大陆,爱情,吴靖
37213104,东京出租车,8.0,douban://douban.com/movie/37213104,2025,日本,剧情,山田洋次
37227650,旅途中的日子,7.1,douban://douban.com/movie/37227650,2025,日本,剧情,三宅唱
37233382,三声再见,8.0,douban://douban.com/movie/37233382,2025,意大利 西班牙,剧情,伊莎贝尔·科赛特
37474018,泥娃娃,5.7,douban://douban.com/movie/37474018,2025,中国台湾,惊悚,解孟儒
37474018,泥娃娃,5.7,douban://douban.com/movie/37474018,2025,中国台湾,恐怖,解孟儒
30382501,浴血黑帮：不朽传奇,6.5,douban://douban.com/movie/30382501,2026,英国 法国 美国,剧情,汤姆·哈伯
30382501,浴血黑帮：不朽传奇,6.5,douban://douban.com/movie/30382501,2026,英国 法国 美国,历史,汤姆·哈伯
30382501,浴血黑帮：不朽传奇,6.5,douban://douban.com/movie/30382501,2026,英国 法国 美国,犯罪,汤姆·哈伯
37144851,137号案件,7.7,douban://douban.com/movie/37144851,2025,法国,剧情,多米尼克·摩尔
37144851,137号案件,7.7,douban://douban.com/movie/37144851,2025,法国,犯罪,多米尼克·摩尔
36176155,一战再战,8.0,douban://douban.com/movie/36176155,2025,美国,剧情,保罗·托马斯·安德森
36176155,一战再战,8.0,douban://douban.com/movie/36176155,2025,美国,动作,保罗·托马斯·安德森
36176155,一战再战,8.0,douban://douban.com/movie/36176155,2025,美国,惊悚,保罗·托马斯·安德森
36176155,一战再战,8.0,douban://douban.com/movie/36176155,2025,美国,犯罪,保罗·托马斯·安德森
36367195,家弑服务,7.1,douban://douban.com/movie/36367195,2025,美国,剧情,保罗·费格
36367195,家弑服务,7.1,douban://douban.com/movie/36367195,2025,美国,悬疑,保罗·费格
36367195,家弑服务,7.1,douban://douban.com/movie/36367195,2025,美国,惊悚,保罗·费格
35409362,接近终点,7.4,douban://douban.com/movie/35409362,2025,法国 西班牙,剧情,奥利维尔·拉克谢
35409362,接近终点,7.4,douban://douban.com/movie/35409362,2025,法国 西班牙,惊悚,奥利维尔·拉克谢
35409362,接近终点,7.4,douban://douban.com/movie/35409362,2025,法国 西班牙,冒险,奥利维尔·拉克谢
26817136,疯狂动物城2,8.3,douban://douban.com/movie/26817136,2025,美国,喜剧,杰拉德·布什 拜伦·霍华德
26817136,疯狂动物城2,8.3,douban://douban.com/movie/26817136,2025,美国,动画,杰拉德·布什 拜伦·霍华德
26817136,疯狂动物城2,8.3,douban://douban.com/movie/26817136,2025,美国,悬疑,杰拉德·布什 拜伦·霍华德
26817136,疯狂动物城2,8.3,douban://douban.com/movie/26817136,2025,美国,犯罪,杰拉德·布什 拜伦·霍华德
26817136,疯狂动物城2,8.3,douban://douban.com/movie/26817136,2025,美国,冒险,杰拉德·布什 拜伦·霍华德
36691620,至尊马蒂,7.3,douban://douban.com/movie/36691620,2025,芬兰 美国,剧情,乔什·萨弗迪
36691620,至尊马蒂,7.3,douban://douban.com/movie/36691620,2025,芬兰 美国,运动,乔什·萨弗迪
26404869,惊天魔盗团3,5.7,douban://douban.com/movie/26404869,2025,美国,剧情,鲁本·弗雷斯彻
26404869,惊天魔盗团3,5.7,douban://douban.com/movie/26404869,2025,美国,动作,鲁本·弗雷斯彻
26404869,惊天魔盗团3,5.7,douban://douban.com/movie/26404869,2025,美国,犯罪,鲁本·弗雷斯彻
36986482,女孩,7.2,douban://douban.com/movie/36986482,2025,中国台湾 中国大陆,剧情,舒淇
37335090,追恶,6.0,douban://douban.com/movie/37335090,2026,中国大陆,动作,成思毅
37335090,追恶,6.0,douban://douban.com/movie/37335090,2026,中国大陆,犯罪,成思毅
36394612,你好，爱美丽,8.1,douban://douban.com/movie/36394612,2025,法国 比利时,动画,迈利斯·瓦拉德 韩良畴
36394612,你好，爱美丽,8.1,douban://douban.com/movie/36394612,2025,法国 比利时,家庭,迈利斯·瓦拉德 韩良畴
4092781,无可奈何,7.3,douban://douban.com/movie/4092781,2025,韩国,剧情,朴赞郁
4092781,无可奈何,7.3,douban://douban.com/movie/4092781,2025,韩国,喜剧,朴赞郁
4092781,无可奈何,7.3,douban://douban.com/movie/4092781,2025,韩国,惊悚,朴赞郁
4092781,无可奈何,7.3,douban://douban.com/movie/4092781,2025,韩国,犯罪,朴赞郁
3262044,弗兰肯斯坦,7.4,douban://douban.com/movie/3262044,2025,墨西哥 美国,剧情,吉尔莫·德尔·托罗
3262044,弗兰肯斯坦,7.4,douban://douban.com/movie/3262044,2025,墨西哥 美国,科幻,吉尔莫·德尔·托罗
3262044,弗兰肯斯坦,7.4,douban://douban.com/movie/3262044,2025,墨西哥 美国,恐怖,吉尔莫·德尔·托罗
3262044,弗兰肯斯坦,7.4,douban://douban.com/movie/3262044,2025,墨西哥 美国,奇幻,吉尔莫·德尔·托罗
34850525,96分钟：列车爆炸案,6.9,douban://douban.com/movie/34850525,2025,中国台湾,剧情,洪子烜
34850525,96分钟：列车爆炸案,6.9,douban://douban.com/movie/34850525,2025,中国台湾,动作,洪子烜
34850525,96分钟：列车爆炸案,6.9,douban://douban.com/movie/34850525,2025,中国台湾,犯罪,洪子烜
35064920,拯救地球,7.1,douban://douban.com/movie/35064920,2025,爱尔兰 英国 加拿大 韩国 美国,喜剧,欧格斯·兰斯莫斯
35064920,拯救地球,7.1,douban://douban.com/movie/35064920,2025,爱尔兰 英国 加拿大 韩国 美国,科幻,欧格斯·兰斯莫斯
35064920,拯救地球,7.1,douban://douban.com/movie/35064920,2025,爱尔兰 英国 加拿大 韩国 美国,犯罪,欧格斯·兰斯莫斯
37296908,非传统浪漫关系,5.8,douban://douban.com/movie/37296908,2026,中国大陆,剧情,梁文哲
37296908,非传统浪漫关系,5.8,douban://douban.com/movie/37296908,2026,中国大陆,喜剧,梁文哲
37296908,非传统浪漫关系,5.8,douban://douban.com/movie/37296908,2026,中国大陆,爱情,梁文哲
37247238,普通事故,7.4,douban://douban.com/movie/37247238,2025,伊朗 法国 卢森堡 美国,剧情,贾法·帕纳西
37247238,普通事故,7.4,douban://douban.com/movie/37247238,2025,伊朗 法国 卢森堡 美国,悬疑,贾法·帕纳西
37247238,普通事故,7.4,douban://douban.com/movie/37247238,2025,伊朗 法国 卢森堡 美国,惊悚,贾法·帕纳西
37247238,普通事故,7.4,douban://douban.com/movie/37247238,2025,伊朗 法国 卢森堡 美国,犯罪,贾法·帕纳西
26351864,风林火山,6.4,douban://douban.com/movie/26351864,2025,中国香港 中国大陆,剧情,麦浚龙
26351864,风林火山,6.4,douban://douban.com/movie/26351864,2025,中国香港 中国大陆,犯罪,麦浚龙
35700339,飞行家,7.2,douban://douban.com/movie/35700339,2025,中国大陆,剧情,鹏飞
35700339,飞行家,7.2,douban://douban.com/movie/35700339,2025,中国大陆,喜剧,鹏飞
36901008,洛杉矶劫案,6.6,douban://douban.com/movie/36901008,2026,美国 英国,剧情,巴特·雷顿
36901008,洛杉矶劫案,6.6,douban://douban.com/movie/36901008,2026,美国 英国,动作,巴特·雷顿
36901008,洛杉矶劫案,6.6,douban://douban.com/movie/36901008,2026,美国 英国,犯罪,巴特·雷顿
36909418,凶降喜讯,7.7,douban://douban.com/movie/36909418,2025,韩国,喜剧,卞成贤
36909418,凶降喜讯,7.7,douban://douban.com/movie/36909418,2025,韩国,惊悚,卞成贤
36909418,凶降喜讯,7.7,douban://douban.com/movie/36909418,2025,韩国,犯罪,卞成贤
35419153,利刃出鞘3,7.6,douban://douban.com/movie/35419153,2025,美国,剧情,莱恩·约翰逊
35419153,利刃出鞘3,7.6,douban://douban.com/movie/35419153,2025,美国,喜剧,莱恩·约翰逊
35419153,利刃出鞘3,7.6,douban://douban.com/movie/35419153,2025,美国,悬疑,莱恩·约翰逊
35419153,利刃出鞘3,7.6,douban://douban.com/movie/35419153,2025,美国,惊悚,莱恩·约翰逊
35419153,利刃出鞘3,7.6,douban://douban.com/movie/35419153,2025,美国,犯罪,莱恩·约翰逊
36207047,诗人,8.1,douban://douban.com/movie/36207047,2025,哥伦比亚 德国 瑞典,剧情,西蒙·梅萨·索托
36207047,诗人,8.1,douban://douban.com/movie/36207047,2025,哥伦比亚 德国 瑞典,喜剧,西蒙·梅萨·索托
36767956,你行！你上！,6.7,douban://douban.com/movie/36767956,2025,中国大陆,剧情,姜文
36767956,你行！你上！,6.7,douban://douban.com/movie/36767956,2025,中国大陆,喜剧,姜文
36238726,索命舞娘,6.4,douban://douban.com/movie/36238726,2026,英国 美国 匈牙利,动作,维姬·朱森
36238726,索命舞娘,6.4,douban://douban.com/movie/36238726,2026,英国 美国 匈牙利,惊悚,维姬·朱森
36238726,索命舞娘,6.4,douban://douban.com/movie/36238726,2026,英国 美国 匈牙利,恐怖,维姬·朱森
35358792,马腾你别走,7.0,douban://douban.com/movie/35358792,2025,中国大陆,剧情,岳洋
35358792,马腾你别走,7.0,douban://douban.com/movie/35358792,2025,中国大陆,喜剧,岳洋
35930441,后来的我们,7.3,douban://douban.com/movie/35930441,2025,韩国,剧情,金度英
35930441,后来的我们,7.3,douban://douban.com/movie/35930441,2025,韩国,爱情,金度英
37178027,8号出口,6.3,douban://douban.com/movie/37178027,2025,日本,恐怖,川村元气
37178027,8号出口,6.3,douban://douban.com/movie/37178027,2025,日本,冒险,川村元气
37202778,桑格豪森的渴望,7.4,douban://douban.com/movie/37202778,2025,德国,剧情,尤利安·拉德迈耶
37202778,桑格豪森的渴望,7.4,douban://douban.com/movie/37202778,2025,德国,喜剧,尤利安·拉德迈耶
36899331,危情蜻蜓,7.4,douban://douban.com/movie/36899331,2025,英国,剧情,保罗·安德鲁·威廉姆斯
36899331,危情蜻蜓,7.4,douban://douban.com/movie/36899331,2025,英国,惊悚,保罗·安德鲁·威廉姆斯
36749573,极限审判,7.2,douban://douban.com/movie/36749573,2026,美国,动作,提莫·贝克曼贝托夫
36749573,极限审判,7.2,douban://douban.com/movie/36749573,2026,美国,科幻,提莫·贝克曼贝托夫
36749573,极限审判,7.2,douban://douban.com/movie/36749573,2026,美国,悬疑,提莫·贝克曼贝托夫
37106646,保护者,6.2,douban://douban.com/movie/37106646,2025,美国,动作,阿德里安·格鲁伯格
37106646,保护者,6.2,douban://douban.com/movie/37106646,2025,美国,惊悚,阿德里安·格鲁伯格
5348089,阿凡达：火与烬,7.6,douban://douban.com/movie/5348089,2025,美国,动作,詹姆斯·卡梅隆
5348089,阿凡达：火与烬,7.6,douban://douban.com/movie/5348089,2025,美国,科幻,詹姆斯·卡梅隆
5348089,阿凡达：火与烬,7.6,douban://douban.com/movie/5348089,2025,美国,惊悚,詹姆斯·卡梅隆
5348089,阿凡达：火与烬,7.6,douban://douban.com/movie/5348089,2025,美国,奇幻,詹姆斯·卡梅隆
5348089,阿凡达：火与烬,7.6,douban://douban.com/movie/5348089,2025,美国,冒险,詹姆斯·卡梅隆
36919136,爱的证明,8.1,douban://douban.com/movie/36919136,2025,法国,剧情,艾丽斯·杜阿尔
36919136,爱的证明,8.1,douban://douban.com/movie/36919136,2025,法国,喜剧,艾丽斯·杜阿尔
36919136,爱的证明,8.1,douban://douban.com/movie/36919136,2025,法国,同性,艾丽斯·杜阿尔
35689244,F1：狂飙飞车,8.7,douban://douban.com/movie/35689244,2025,美国,剧情,约瑟夫·科辛斯基
35689244,F1：狂飙飞车,8.7,douban://douban.com/movie/35689244,2025,美国,动作,约瑟夫·科辛斯基
35689244,F1：狂飙飞车,8.7,douban://douban.com/movie/35689244,2025,美国,运动,约瑟夫·科辛斯基
37825206,超时空辉夜姬！,8.3,douban://douban.com/movie/37825206,2026,日本,剧情,山下清悟
37825206,超时空辉夜姬！,8.3,douban://douban.com/movie/37825206,2026,日本,科幻,山下清悟
37825206,超时空辉夜姬！,8.3,douban://douban.com/movie/37825206,2026,日本,动画,山下清悟
37825206,超时空辉夜姬！,8.3,douban://douban.com/movie/37825206,2026,日本,音乐,山下清悟
37825206,超时空辉夜姬！,8.3,douban://douban.com/movie/37825206,2026,日本,奇幻,山下清悟
36245712,三级警戒,7.9,douban://douban.com/movie/36245712,2025,美国,喜剧,克里斯托弗·莱昂内
36245712,三级警戒,7.9,douban://douban.com/movie/36245712,2025,美国,动作,克里斯托弗·莱昂内
36503073,暗黑新娘！,6.4,douban://douban.com/movie/36503073,2026,法国 美国,剧情,玛吉·吉伦哈尔
36503073,暗黑新娘！,6.4,douban://douban.com/movie/36503073,2026,法国 美国,惊悚,玛吉·吉伦哈尔
36503073,暗黑新娘！,6.4,douban://douban.com/movie/36503073,2026,法国 美国,犯罪,玛吉·吉伦哈尔
36838688,人工情报,6.4,douban://douban.com/movie/36838688,2026,韩国,剧情,柳昇完
36838688,人工情报,6.4,douban://douban.com/movie/36838688,2026,韩国,动作,柳昇完
37143216,恩典,7.5,douban://douban.com/movie/37143216,2025,意大利,剧情,保罗·索伦蒂诺
36600459,捕风追影,8.1,douban://douban.com/movie/36600459,2025,中国大陆 中国香港,剧情,杨子
36600459,捕风追影,8.1,douban://douban.com/movie/36600459,2025,中国大陆 中国香港,动作,杨子
36600459,捕风追影,8.1,douban://douban.com/movie/36600459,2025,中国大陆 中国香港,犯罪,杨子
37250117,暗流低语,5.7,douban://douban.com/movie/37250117,2025,加拿大,科幻,伊恩·图阿松
37250117,暗流低语,5.7,douban://douban.com/movie/37250117,2025,加拿大,惊悚,伊恩·图阿松
37250117,暗流低语,5.7,douban://douban.com/movie/37250117,2025,加拿大,恐怖,伊恩·图阿松
36448279,罗小黑战记2,8.7,douban://douban.com/movie/36448279,2025,中国大陆,动画,木头 顾杰
36448279,罗小黑战记2,8.7,douban://douban.com/movie/36448279,2025,中国大陆,奇幻,木头 顾杰
36448279,罗小黑战记2,8.7,douban://douban.com/movie/36448279,2025,中国大陆,冒险,木头 顾杰
36913048,远山淡影,7.0,douban://douban.com/movie/36913048,2025,日本 英国 波兰,剧情,石川庆
36913048,远山淡影,7.0,douban://douban.com/movie/36913048,2025,日本 英国 波兰,悬疑,石川庆
36964147,日掛中天,7.1,douban://douban.com/movie/36964147,2025,中国大陆,剧情,蔡尚君
35881440,唐顿庄园3,8.6,douban://douban.com/movie/35881440,2025,英国 美国,剧情,西蒙·柯蒂斯
37322586,生日快乐,8.8,douban://douban.com/movie/37322586,2025,埃及,剧情,萨拉·戈赫尔
36777886,团战之夜,6.7,douban://douban.com/movie/36777886,2025,德国 美国,剧情,戈尔·维宾斯基
36777886,团战之夜,6.7,douban://douban.com/movie/36777886,2025,德国 美国,喜剧,戈尔·维宾斯基
36777886,团战之夜,6.7,douban://douban.com/movie/36777886,2025,德国 美国,科幻,戈尔·维宾斯基
35182657,母鸡,7.7,douban://douban.com/movie/35182657,2025,德国 希腊 匈牙利,剧情,乔治·巴勒菲
35182657,母鸡,7.7,douban://douban.com/movie/35182657,2025,德国 希腊 匈牙利,家庭,乔治·巴勒菲
36438475,浪浪山小妖怪,8.5,douban://douban.com/movie/36438475,2025,中国大陆,剧情,於水
36438475,浪浪山小妖怪,8.5,douban://douban.com/movie/36438475,2025,中国大陆,喜剧,於水
36438475,浪浪山小妖怪,8.5,douban://douban.com/movie/36438475,2025,中国大陆,动画,於水
36438475,浪浪山小妖怪,8.5,douban://douban.com/movie/36438475,2025,中国大陆,奇幻,於水
36185502,长安的荔枝,7.5,douban://douban.com/movie/36185502,2025,中国大陆,剧情,大鹏
36185502,长安的荔枝,7.5,douban://douban.com/movie/36185502,2025,中国大陆,喜剧,大鹏
36185502,长安的荔枝,7.5,douban://douban.com/movie/36185502,2025,中国大陆,古装,大鹏
36085606,好孩子,8.1,douban://douban.com/movie/36085606,2025,新加坡,剧情,王国燊
36085606,好孩子,8.1,douban://douban.com/movie/36085606,2025,新加坡,同性,王国燊
36707354,永恒站,7.2,douban://douban.com/movie/36707354,2025,美国,剧情,大卫·费恩
36707354,永恒站,7.2,douban://douban.com/movie/36707354,2025,美国,喜剧,大卫·费恩
36707354,永恒站,7.2,douban://douban.com/movie/36707354,2025,美国,爱情,大卫·费恩
36707354,永恒站,7.2,douban://douban.com/movie/36707354,2025,美国,奇幻,大卫·费恩
36860441,妥瑞氏与我,8.3,douban://douban.com/movie/36860441,2025,英国,剧情,柯克·琼斯
36860441,妥瑞氏与我,8.3,douban://douban.com/movie/36860441,2025,英国,传记,柯克·琼斯
36860441,妥瑞氏与我,8.3,douban://douban.com/movie/36860441,2025,英国,历史,柯克·琼斯
37039108,地母,7.1,douban://douban.com/movie/37039108,2025,马来西亚 意大利 中国香港,剧情,张吉安
36977669,东北警察故事3,7.4,douban://douban.com/movie/36977669,2026,中国大陆,喜剧,杨秉佳
36977669,东北警察故事3,7.4,douban://douban.com/movie/36977669,2026,中国大陆,动作,杨秉佳
36977669,东北警察故事3,7.4,douban://douban.com/movie/36977669,2026,中国大陆,犯罪,杨秉佳
36175206,魔法坏女巫2,5.6,douban://douban.com/movie/36175206,2025,美国 加拿大 澳大利亚,剧情,朱浩伟
36175206,魔法坏女巫2,5.6,douban://douban.com/movie/36175206,2025,美国 加拿大 澳大利亚,爱情,朱浩伟
36175206,魔法坏女巫2,5.6,douban://douban.com/movie/36175206,2025,美国 加拿大 澳大利亚,歌舞,朱浩伟
36175206,魔法坏女巫2,5.6,douban://douban.com/movie/36175206,2025,美国 加拿大 澳大利亚,奇幻,朱浩伟
36766190,国宝,7.7,douban://douban.com/movie/36766190,2025,日本,剧情,李相日
37107063,震耳欲聋,7.4,douban://douban.com/movie/37107063,2025,中国大陆,剧情,万力
37107063,震耳欲聋,7.4,douban://douban.com/movie/37107063,2025,中国大陆,犯罪,万力
36829507,坏蛋联盟2,7.6,douban://douban.com/movie/36829507,2025,美国,喜剧,皮埃尔·佩里费尔  J·P·桑斯
36829507,坏蛋联盟2,7.6,douban://douban.com/movie/36829507,2025,美国,动作,皮埃尔·佩里费尔  J·P·桑斯
36829507,坏蛋联盟2,7.6,douban://douban.com/movie/36829507,2025,美国,动画,皮埃尔·佩里费尔  J·P·桑斯
36829507,坏蛋联盟2,7.6,douban://douban.com/movie/36829507,2025,美国,悬疑,皮埃尔·佩里费尔  J·P·桑斯
36829507,坏蛋联盟2,7.6,douban://douban.com/movie/36829507,2025,美国,犯罪,皮埃尔·佩里费尔  J·P·桑斯
36829507,坏蛋联盟2,7.6,douban://douban.com/movie/36829507,2025,美国,冒险,皮埃尔·佩里费尔  J·P·桑斯
36877209,镜的第三乐章,7.4,douban://douban.com/movie/36877209,2025,德国,剧情,克里斯蒂安·佩措尔德
36821452,尼诺,7.2,douban://douban.com/movie/36821452,2025,法国,剧情,波利娜·洛克
35183324,花漾少女杀人事件,7.1,douban://douban.com/movie/35183324,2025,中国大陆,剧情,周璟豪
35183324,花漾少女杀人事件,7.1,douban://douban.com/movie/35183324,2025,中国大陆,悬疑,周璟豪
26900149,如何大赚一笔,5.9,douban://douban.com/movie/26900149,2026,英国 法国,剧情,约翰·巴顿·福特
26900149,如何大赚一笔,5.9,douban://douban.com/movie/26900149,2026,英国 法国,喜剧,约翰·巴顿·福特
26900149,如何大赚一笔,5.9,douban://douban.com/movie/26900149,2026,英国 法国,惊悚,约翰·巴顿·福特
37071133,菜肉馄饨,7.2,douban://douban.com/movie/37071133,2025,中国大陆,剧情,吴天戈
37071133,菜肉馄饨,7.2,douban://douban.com/movie/37071133,2025,中国大陆,喜剧,吴天戈
37071133,菜肉馄饨,7.2,douban://douban.com/movie/37071133,2025,中国大陆,爱情,吴天戈
36474027,镖人：风起大漠,7.5,douban://douban.com/movie/36474027,2026,中国大陆,动作,袁和平
36474027,镖人：风起大漠,7.5,douban://douban.com/movie/36474027,2026,中国大陆,武侠,袁和平
36474027,镖人：风起大漠,7.5,douban://douban.com/movie/36474027,2026,中国大陆,古装,袁和平
35416174,狂野时代,6.5,douban://douban.com/movie/35416174,2025,中国大陆 法国,剧情,毕赣
35416174,狂野时代,6.5,douban://douban.com/movie/35416174,2025,中国大陆 法国,科幻,毕赣
37231952,父影之下,7.5,douban://douban.com/movie/37231952,2025,英国 尼日利亚 爱尔兰,剧情,阿基诺拉·戴维斯
36850893,惊变28年2：白骨圣殿,6.5,douban://douban.com/movie/36850893,2026,英国 美国 加拿大,科幻,尼娅·达科斯塔
36850893,惊变28年2：白骨圣殿,6.5,douban://douban.com/movie/36850893,2026,英国 美国 加拿大,惊悚,尼娅·达科斯塔
36850893,惊变28年2：白骨圣殿,6.5,douban://douban.com/movie/36850893,2026,英国 美国 加拿大,恐怖,尼娅·达科斯塔
36553324,趣塔德庄园,7.2,douban://douban.com/movie/36553324,2025,英国,喜剧,吉姆·奥汉龙
35461578,用武之地,7.2,douban://douban.com/movie/35461578,2025,中国大陆,剧情,申奥
35461578,用武之地,7.2,douban://douban.com/movie/35461578,2025,中国大陆,动作,申奥
35461578,用武之地,7.2,douban://douban.com/movie/35461578,2025,中国大陆,战争,申奥
36171173,杀人者报告,7.1,douban://douban.com/movie/36171173,2025,韩国,犯罪,曹英俊
36910970,奇迹梦之队,6.8,douban://douban.com/movie/36910970,2026,美国 加拿大,喜剧,泰里·迪利海 亚当·罗塞特
36910970,奇迹梦之队,6.8,douban://douban.com/movie/36910970,2026,美国 加拿大,动画,泰里·迪利海 亚当·罗塞特
36910970,奇迹梦之队,6.8,douban://douban.com/movie/36910970,2026,美国 加拿大,冒险,泰里·迪利海 亚当·罗塞特
36910970,奇迹梦之队,6.8,douban://douban.com/movie/36910970,2026,美国 加拿大,运动,泰里·迪利海 亚当·罗塞特
35900174,侵略机器,6.3,douban://douban.com/movie/35900174,2026,英国 澳大利亚 新西兰 美国,动作,帕特里克·休斯
35900174,侵略机器,6.3,douban://douban.com/movie/35900174,2026,英国 澳大利亚 新西兰 美国,科幻,帕特里克·休斯
35900174,侵略机器,6.3,douban://douban.com/movie/35900174,2026,英国 澳大利亚 新西兰 美国,惊悚,帕特里克·休斯
36907263,百米。,7.9,douban://douban.com/movie/36907263,2025,日本,剧情,岩井泽健治
36907263,百米。,7.9,douban://douban.com/movie/36907263,2025,日本,动画,岩井泽健治
36907263,百米。,7.9,douban://douban.com/movie/36907263,2025,日本,运动,岩井泽健治
36107332,左撇子女孩,7.1,douban://douban.com/movie/36107332,2025,中国台湾 美国 英国 法国,剧情,邹时擎
36877245,火遮眼,8.9,douban://douban.com/movie/36877245,2025,中国香港,动作,谷垣健治
36877245,火遮眼,8.9,douban://douban.com/movie/36877245,2025,中国香港,惊悚,谷垣健治
36247731,新·驯龙高手,8.3,douban://douban.com/movie/36247731,2025,美国,剧情,迪恩·戴布洛伊
36247731,新·驯龙高手,8.3,douban://douban.com/movie/36247731,2025,美国,喜剧,迪恩·戴布洛伊
36247731,新·驯龙高手,8.3,douban://douban.com/movie/36247731,2025,美国,动作,迪恩·戴布洛伊
36247731,新·驯龙高手,8.3,douban://douban.com/movie/36247731,2025,美国,奇幻,迪恩·戴布洛伊
36247731,新·驯龙高手,8.3,douban://douban.com/movie/36247731,2025,美国,冒险,迪恩·戴布洛伊
37193871,执笔,7.0,douban://douban.com/movie/37193871,2025,法国,剧情,薇拉莉·邓泽里
37193871,执笔,7.0,douban://douban.com/movie/37193871,2025,法国,传记,薇拉莉·邓泽里
35322123,去死吧，我的爱,6.0,douban://douban.com/movie/35322123,2025,英国 美国 加拿大,剧情,琳恩·拉姆塞
35322123,去死吧，我的爱,6.0,douban://douban.com/movie/35322123,2025,英国 美国 加拿大,惊悚,琳恩·拉姆塞
37045933,无名之町,5.7,douban://douban.com/movie/37045933,2025,日本,剧情,田中亮
37045933,无名之町,5.7,douban://douban.com/movie/37045933,2025,日本,犯罪,田中亮
36876356,复活她,6.7,douban://douban.com/movie/36876356,2025,澳大利亚 美国,悬疑,丹尼·菲利普 迈克尔·菲利普
36876356,复活她,6.7,douban://douban.com/movie/36876356,2025,澳大利亚 美国,恐怖,丹尼·菲利普 迈克尔·菲利普
37242440,惊蛰无声,6.0,douban://douban.com/movie/37242440,2026,中国大陆,剧情,张艺谋
37242440,惊蛰无声,6.0,douban://douban.com/movie/37242440,2026,中国大陆,犯罪,张艺谋
36742578,新浪潮,7.0,douban://douban.com/movie/36742578,2025,法国 美国,剧情,理查德·林克莱特
36742578,新浪潮,7.0,douban://douban.com/movie/36742578,2025,法国 美国,喜剧,理查德·林克莱特
36742578,新浪潮,7.0,douban://douban.com/movie/36742578,2025,法国 美国,传记,理查德·林克莱特
36742578,新浪潮,7.0,douban://douban.com/movie/36742578,2025,法国 美国,历史,理查德·林克莱特
36635632,父母姐弟,6.5,douban://douban.com/movie/36635632,2025,美国 英国 意大利 法国 爱尔兰 德国,剧情,吉姆·贾木许
36635632,父母姐弟,6.5,douban://douban.com/movie/36635632,2025,美国 英国 意大利 法国 爱尔兰 德国,喜剧,吉姆·贾木许
36948291,女孩们,7.5,douban://douban.com/movie/36948291,2025,荷兰 奥地利 比利时,剧情,迈克·范·迪姆
36948291,女孩们,7.5,douban://douban.com/movie/36948291,2025,荷兰 奥地利 比利时,惊悚,迈克·范·迪姆
36809864,南京照相馆,8.8,douban://douban.com/movie/36809864,2025,中国大陆,剧情,申奥
36809864,南京照相馆,8.8,douban://douban.com/movie/36809864,2025,中国大陆,历史,申奥
36809864,南京照相馆,8.8,douban://douban.com/movie/36809864,2025,中国大陆,战争,申奥
36968879,夏日躁动,7.9,douban://douban.com/movie/36968879,2025,法国,剧情,丽丝·阿科卡 罗曼·格雷特
36968879,夏日躁动,7.9,douban://douban.com/movie/36968879,2025,法国,喜剧,丽丝·阿科卡 罗曼·格雷特
36689647,遇见世界,7.6,douban://douban.com/movie/36689647,2025,日本,剧情,松居大悟
36892468,庇护之地,5.9,douban://douban.com/movie/36892468,2026,英国 美国 加拿大,动作,里克·罗曼·沃夫
36892468,庇护之地,5.9,douban://douban.com/movie/36892468,2026,英国 美国 加拿大,惊悚,里克·罗曼·沃夫
36893213,灵雀密语,7.4,douban://douban.com/movie/36893213,2025,法国 比利时,动画,安东尼·兰席奥
36893213,灵雀密语,7.4,douban://douban.com/movie/36893213,2025,法国 比利时,家庭,安东尼·兰席奥
36893213,灵雀密语,7.4,douban://douban.com/movie/36893213,2025,法国 比利时,冒险,安东尼·兰席奥
36833084,玫瑰,7.4,douban://douban.com/movie/36833084,2025,英国 澳大利亚 美国,剧情,杰伊·罗奇
36833084,玫瑰,7.4,douban://douban.com/movie/36833084,2025,英国 澳大利亚 美国,喜剧,杰伊·罗奇
35391124,K-POP：猎魔女团,6.4,douban://douban.com/movie/35391124,2025,美国 加拿大,喜剧,克里斯·艾伯翰斯 玛吉·康
35391124,K-POP：猎魔女团,6.4,douban://douban.com/movie/35391124,2025,美国 加拿大,动作,克里斯·艾伯翰斯 玛吉·康
35391124,K-POP：猎魔女团,6.4,douban://douban.com/movie/35391124,2025,美国 加拿大,动画,克里斯·艾伯翰斯 玛吉·康
35391124,K-POP：猎魔女团,6.4,douban://douban.com/movie/35391124,2025,美国 加拿大,音乐,克里斯·艾伯翰斯 玛吉·康
35391124,K-POP：猎魔女团,6.4,douban://douban.com/movie/35391124,2025,美国 加拿大,歌舞,克里斯·艾伯翰斯 玛吉·康
35391124,K-POP：猎魔女团,6.4,douban://douban.com/movie/35391124,2025,美国 加拿大,奇幻,克里斯·艾伯翰斯 玛吉·康
35391124,K-POP：猎魔女团,6.4,douban://douban.com/movie/35391124,2025,美国 加拿大,冒险,克里斯·艾伯翰斯 玛吉·康
36314193,惊声尖叫7,5.3,douban://douban.com/movie/36314193,2026,美国 加拿大,悬疑,凯文·威廉姆森
36314193,惊声尖叫7,5.3,douban://douban.com/movie/36314193,2026,美国 加拿大,恐怖,凯文·威廉姆森
37193378,不过是上班,6.0,douban://douban.com/movie/37193378,2026,中国大陆,喜剧,王梓骏
36433332,抖擞,5.8,douban://douban.com/movie/36433332,2026,美国,喜剧,彼得·法雷里
36433332,抖擞,5.8,douban://douban.com/movie/36433332,2026,美国,犯罪,彼得·法雷里
35346268,时空奇旅,7.3,douban://douban.com/movie/35346268,2025,法国,科幻,于戈·比安弗尼
35346268,时空奇旅,7.3,douban://douban.com/movie/35346268,2025,法国,动画,于戈·比安弗尼
36650662,临租家庭,7.3,douban://douban.com/movie/36650662,2025,日本 美国,剧情,宫崎光代
36650662,临租家庭,7.3,douban://douban.com/movie/36650662,2025,日本 美国,喜剧,宫崎光代
36707378,铁血战士：杀戮之地,7.4,douban://douban.com/movie/36707378,2025,美国 澳大利亚 新西兰 加拿大 德国,动作,丹·特拉亨伯格
36707378,铁血战士：杀戮之地,7.4,douban://douban.com/movie/36707378,2025,美国 澳大利亚 新西兰 加拿大 德国,科幻,丹·特拉亨伯格
36707378,铁血战士：杀戮之地,7.4,douban://douban.com/movie/36707378,2025,美国 澳大利亚 新西兰 加拿大 德国,惊悚,丹·特拉亨伯格
36707378,铁血战士：杀戮之地,7.4,douban://douban.com/movie/36707378,2025,美国 澳大利亚 新西兰 加拿大 德国,冒险,丹·特拉亨伯格
35443478,猎杀游戏,5.8,douban://douban.com/movie/35443478,2025,美国 英国,动作,埃德加·赖特
35443478,猎杀游戏,5.8,douban://douban.com/movie/35443478,2025,美国 英国,科幻,埃德加·赖特
35443478,猎杀游戏,5.8,douban://douban.com/movie/35443478,2025,美国 英国,惊悚,埃德加·赖特
35443478,猎杀游戏,5.8,douban://douban.com/movie/35443478,2025,美国 英国,冒险,埃德加·赖特
36465394,腓尼基计划,6.7,douban://douban.com/movie/36465394,2025,美国 德国,剧情,韦斯·安德森
36465394,腓尼基计划,6.7,douban://douban.com/movie/36465394,2025,美国 德国,喜剧,韦斯·安德森
36465394,腓尼基计划,6.7,douban://douban.com/movie/36465394,2025,美国 德国,动作,韦斯·安德森
36465394,腓尼基计划,6.7,douban://douban.com/movie/36465394,2025,美国 德国,惊悚,韦斯·安德森
36465394,腓尼基计划,6.7,douban://douban.com/movie/36465394,2025,美国 德国,犯罪,韦斯·安德森
26389539,寻秦记,6.2,douban://douban.com/movie/26389539,2025,中国香港 中国大陆,动作,吴炫辉 黎震龙
26389539,寻秦记,6.2,douban://douban.com/movie/26389539,2025,中国香港 中国大陆,奇幻,吴炫辉 黎震龙
26389539,寻秦记,6.2,douban://douban.com/movie/26389539,2025,中国香港 中国大陆,古装,吴炫辉 黎震龙
35699905,落叶球,7.1,douban://douban.com/movie/35699905,2025,德国 格鲁吉亚,剧情,亚历山大·科贝里泽
36764327,即兴卧底,7.3,douban://douban.com/movie/36764327,2025,英国,喜剧,汤姆·金斯利
36764327,即兴卧底,7.3,douban://douban.com/movie/36764327,2025,英国,动作,汤姆·金斯利
36764327,即兴卧底,7.3,douban://douban.com/movie/36764327,2025,英国,犯罪,汤姆·金斯利
30286126,三滴血,6.3,douban://douban.com/movie/30286126,2025,中国大陆,剧情,康博
30286126,三滴血,6.3,douban://douban.com/movie/30286126,2025,中国大陆,犯罪,康博
36221247,凶器,6.8,douban://douban.com/movie/36221247,2025,美国,剧情,扎克·克雷格
36221247,凶器,6.8,douban://douban.com/movie/36221247,2025,美国,悬疑,扎克·克雷格
36221247,凶器,6.8,douban://douban.com/movie/36221247,2025,美国,惊悚,扎克·克雷格
36221247,凶器,6.8,douban://douban.com/movie/36221247,2025,美国,恐怖,扎克·克雷格
30174089,内幕,6.2,douban://douban.com/movie/30174089,2025,中国香港,剧情,麦兆辉
30174089,内幕,6.2,douban://douban.com/movie/30174089,2025,中国香港,动作,麦兆辉
30174089,内幕,6.2,douban://douban.com/movie/30174089,2025,中国香港,犯罪,麦兆辉
37194405,美味倒数,6.9,douban://douban.com/movie/37194405,2026,韩国,剧情,金泰泳
35736046,搜查瑠公圳,6.0,douban://douban.com/movie/35736046,2025,中国台湾,剧情,赖俊羽
35736046,搜查瑠公圳,6.0,douban://douban.com/movie/35736046,2025,中国台湾,悬疑,赖俊羽
35736046,搜查瑠公圳,6.0,douban://douban.com/movie/35736046,2025,中国台湾,犯罪,赖俊羽
36131988,招魂4：终章,6.2,douban://douban.com/movie/36131988,2025,英国 美国,悬疑,迈克尔·查维斯
36131988,招魂4：终章,6.2,douban://douban.com/movie/36131988,2025,英国 美国,惊悚,迈克尔·查维斯
36131988,招魂4：终章,6.2,douban://douban.com/movie/36131988,2025,英国 美国,恐怖,迈克尔·查维斯
37517140,藤本树 17-26,8.3,douban://douban.com/movie/37517140,2025,日本,剧情,长屋诚志郎 木村延景 武内宣之 安藤尚也 渡边彻明 寺泽和晃 本间修
37517140,藤本树 17-26,8.3,douban://douban.com/movie/37517140,2025,日本,科幻,长屋诚志郎 木村延景 武内宣之 安藤尚也 渡边彻明 寺泽和晃 本间修
37517140,藤本树 17-26,8.3,douban://douban.com/movie/37517140,2025,日本,动画,长屋诚志郎 木村延景 武内宣之 安藤尚也 渡边彻明 寺泽和晃 本间修
37517140,藤本树 17-26,8.3,douban://douban.com/movie/37517140,2025,日本,奇幻,长屋诚志郎 木村延景 武内宣之 安藤尚也 渡边彻明 寺泽和晃 本间修
35515145,全知读者视角,6.3,douban://douban.com/movie/35515145,2025,韩国,剧情,金秉祐
35515145,全知读者视角,6.3,douban://douban.com/movie/35515145,2025,韩国,动作,金秉祐
35515145,全知读者视角,6.3,douban://douban.com/movie/35515145,2025,韩国,奇幻,金秉祐
35515145,全知读者视角,6.3,douban://douban.com/movie/35515145,2025,韩国,冒险,金秉祐
36302240,楚门之鼠,7.5,douban://douban.com/movie/36302240,2025,西班牙,喜剧,阿尔贝托·巴斯克斯
36302240,楚门之鼠,7.5,douban://douban.com/movie/36302240,2025,西班牙,动画,阿尔贝托·巴斯克斯
36144741,惊变28年,5.6,douban://douban.com/movie/36144741,2025,英国 美国,科幻,丹尼·博伊尔
36144741,惊变28年,5.6,douban://douban.com/movie/36144741,2025,英国 美国,惊悚,丹尼·博伊尔
36144741,惊变28年,5.6,douban://douban.com/movie/36144741,2025,英国 美国,恐怖,丹尼·博伊尔
36885941,后座,6.7,douban://douban.com/movie/36885941,2025,英国 爱尔兰,爱情,哈利·莱顿
36885941,后座,6.7,douban://douban.com/movie/36885941,2025,英国 爱尔兰,同性,哈利·莱顿
36148716,有用的鬼,7.0,douban://douban.com/movie/36148716,2025,泰国 新加坡 德国 法国,剧情,林金伟
36148716,有用的鬼,7.0,douban://douban.com/movie/36148716,2025,泰国 新加坡 德国 法国,喜剧,林金伟
36148716,有用的鬼,7.0,douban://douban.com/movie/36148716,2025,泰国 新加坡 德国 法国,惊悚,林金伟
36148716,有用的鬼,7.0,douban://douban.com/movie/36148716,2025,泰国 新加坡 德国 法国,恐怖,林金伟
36148716,有用的鬼,7.0,douban://douban.com/movie/36148716,2025,泰国 新加坡 德国 法国,奇幻,林金伟
37227058,奇南客栈,7.6,douban://douban.com/movie/37227058,2025,越南,剧情,黎光
37227058,奇南客栈,7.6,douban://douban.com/movie/37227058,2025,越南,爱情,黎光
36642287,火烧天堂镇,7.2,douban://douban.com/movie/36642287,2025,美国,剧情,保罗·格林格拉斯
36642287,火烧天堂镇,7.2,douban://douban.com/movie/36642287,2025,美国,传记,保罗·格林格拉斯
36932394,全信没收,6.6,douban://douban.com/movie/36932394,2026,美国,剧情,乔·卡纳汉
36932394,全信没收,6.6,douban://douban.com/movie/36932394,2026,美国,动作,乔·卡纳汉
36932394,全信没收,6.6,douban://douban.com/movie/36932394,2026,美国,悬疑,乔·卡纳汉
36932394,全信没收,6.6,douban://douban.com/movie/36932394,2026,美国,惊悚,乔·卡纳汉
36932394,全信没收,6.6,douban://douban.com/movie/36932394,2026,美国,犯罪,乔·卡纳汉
36453674,物质主义者,6.0,douban://douban.com/movie/36453674,2025,美国 芬兰,喜剧,席琳·宋
36453674,物质主义者,6.0,douban://douban.com/movie/36453674,2025,美国 芬兰,爱情,席琳·宋
35483395,戏台,7.9,douban://douban.com/movie/35483395,2025,中国大陆 中国香港,剧情,陈佩斯
35483395,戏台,7.9,douban://douban.com/movie/35483395,2025,中国大陆 中国香港,喜剧,陈佩斯
37309928,铁血战士：杀戮之王,7.8,douban://douban.com/movie/37309928,2025,美国,动作,丹·特拉亨伯格 约书亚·瓦松
37309928,铁血战士：杀戮之王,7.8,douban://douban.com/movie/37309928,2025,美国,科幻,丹·特拉亨伯格 约书亚·瓦松
37309928,铁血战士：杀戮之王,7.8,douban://douban.com/movie/37309928,2025,美国,动画,丹·特拉亨伯格 约书亚·瓦松
37309928,铁血战士：杀戮之王,7.8,douban://douban.com/movie/37309928,2025,美国,惊悚,丹·特拉亨伯格 约书亚·瓦松
37309928,铁血战士：杀戮之王,7.8,douban://douban.com/movie/37309928,2025,美国,冒险,丹·特拉亨伯格 约书亚·瓦松
37161026,蜡笔小新：灼热的春日部舞者们,7.3,douban://douban.com/movie/37161026,2025,日本,喜剧,桥本昌和
37161026,蜡笔小新：灼热的春日部舞者们,7.3,douban://douban.com/movie/37161026,2025,日本,动画,桥本昌和
37161026,蜡笔小新：灼热的春日部舞者们,7.3,douban://douban.com/movie/37161026,2025,日本,音乐,桥本昌和
37161026,蜡笔小新：灼热的春日部舞者们,7.3,douban://douban.com/movie/37161026,2025,日本,家庭,桥本昌和
30433456,碟中谍8：最终清算,7.6,douban://douban.com/movie/30433456,2025,美国,动作,克里斯托弗·麦奎里
30433456,碟中谍8：最终清算,7.6,douban://douban.com/movie/30433456,2025,美国,惊悚,克里斯托弗·麦奎里
30433456,碟中谍8：最终清算,7.6,douban://douban.com/movie/30433456,2025,美国,冒险,克里斯托弗·麦奎里
37014022,新狂蟒之灾,5.1,douban://douban.com/movie/37014022,2025,美国,喜剧,汤姆·戈米肯
37014022,新狂蟒之灾,5.1,douban://douban.com/movie/37014022,2025,美国,动作,汤姆·戈米肯
37014022,新狂蟒之灾,5.1,douban://douban.com/movie/37014022,2025,美国,冒险,汤姆·戈米肯
36402017,毕正明的证明,7.2,douban://douban.com/movie/36402017,2025,中国大陆,剧情,佟志坚
36402017,毕正明的证明,7.2,douban://douban.com/movie/36402017,2025,中国大陆,犯罪,佟志坚
36790513,过家家,6.6,douban://douban.com/movie/36790513,2026,中国大陆,剧情,李太言
34825559,神奇4侠：初露锋芒,5.8,douban://douban.com/movie/34825559,2025,英国 美国 加拿大 新西兰,动作,马特·沙克曼
34825559,神奇4侠：初露锋芒,5.8,douban://douban.com/movie/34825559,2025,英国 美国 加拿大 新西兰,科幻,马特·沙克曼
34825559,神奇4侠：初露锋芒,5.8,douban://douban.com/movie/34825559,2025,英国 美国 加拿大 新西兰,冒险,马特·沙克曼
36828567,点爱成金,7.7,douban://douban.com/movie/36828567,2025,美国,剧情,蕾琪儿·戈登堡
36828567,点爱成金,7.7,douban://douban.com/movie/36828567,2025,美国,传记,蕾琪儿·戈登堡
36728357,新凯旋门,7.5,douban://douban.com/movie/36728357,2025,法国 丹麦,剧情,史蒂芬·德穆斯提耶
36728357,新凯旋门,7.5,douban://douban.com/movie/36728357,2025,法国 丹麦,传记,史蒂芬·德穆斯提耶
36728357,新凯旋门,7.5,douban://douban.com/movie/36728357,2025,法国 丹麦,历史,史蒂芬·德穆斯提耶
36764944,屋顶人,7.1,douban://douban.com/movie/36764944,2025,美国,剧情,德里克·斯安弗朗斯
36764944,屋顶人,7.1,douban://douban.com/movie/36764944,2025,美国,犯罪,德里克·斯安弗朗斯
36679932,纽伦堡,7.3,douban://douban.com/movie/36679932,2025,美国 匈牙利,剧情,詹姆斯·范德比尔特
36679932,纽伦堡,7.3,douban://douban.com/movie/36679932,2025,美国 匈牙利,惊悚,詹姆斯·范德比尔特
36679932,纽伦堡,7.3,douban://douban.com/movie/36679932,2025,美国 匈牙利,历史,詹姆斯·范德比尔特
36942731,普通的孩子,7.7,douban://douban.com/movie/36942731,2025,日本,剧情,吴美保
36942731,普通的孩子,7.7,douban://douban.com/movie/36942731,2025,日本,儿童,吴美保
36289419,聊斋：兰若寺,6.7,douban://douban.com/movie/36289419,2025,中国大陆,剧情,崔月梅 刘源 谢君伟 邹靖 黄鹤宇 刘一林
36289419,聊斋：兰若寺,6.7,douban://douban.com/movie/36289419,2025,中国大陆,喜剧,崔月梅 刘源 谢君伟 邹靖 黄鹤宇 刘一林
36289419,聊斋：兰若寺,6.7,douban://douban.com/movie/36289419,2025,中国大陆,动画,崔月梅 刘源 谢君伟 邹靖 黄鹤宇 刘一林
36289419,聊斋：兰若寺,6.7,douban://douban.com/movie/36289419,2025,中国大陆,奇幻,崔月梅 刘源 谢君伟 邹靖 黄鹤宇 刘一林
36522427,奇遇,6.9,douban://douban.com/movie/36522427,2025,中国大陆,喜剧,马多
36799751,从前的光景,7.8,douban://douban.com/movie/36799751,2025,法国,剧情,塞德里克·克拉皮斯
36799751,从前的光景,7.8,douban://douban.com/movie/36799751,2025,法国,喜剧,塞德里克·克拉皮斯
36799751,从前的光景,7.8,douban://douban.com/movie/36799751,2025,法国,爱情,塞德里克·克拉皮斯
36206660,是的,7.2,douban://douban.com/movie/36206660,2025,法国 塞浦路斯 德国 以色列,剧情,那达夫·拉皮德
37037600,主谋,6.6,douban://douban.com/movie/37037600,2025,美国 英国,犯罪,凯莉·莱卡特
36389635,海绵宝宝：深海大冒险,6.7,douban://douban.com/movie/36389635,2025,美国,喜剧,德里克·德莱蒙
36389635,海绵宝宝：深海大冒险,6.7,douban://douban.com/movie/36389635,2025,美国,动画,德里克·德莱蒙
36389635,海绵宝宝：深海大冒险,6.7,douban://douban.com/movie/36389635,2025,美国,奇幻,德里克·德莱蒙
36389635,海绵宝宝：深海大冒险,6.7,douban://douban.com/movie/36389635,2025,美国,冒险,德里克·德莱蒙
36575268,朝圣,7.0,douban://douban.com/movie/36575268,2025,西班牙 德国,剧情,卡拉·西蒙
36575268,朝圣,7.0,douban://douban.com/movie/36575268,2025,西班牙 德国,爱情,卡拉·西蒙
36575268,朝圣,7.0,douban://douban.com/movie/36575268,2025,西班牙 德国,传记,卡拉·西蒙
35750086,维珍朋克：发条女孩,7.3,douban://douban.com/movie/35750086,2025,日本,动作,梅津泰臣
35750086,维珍朋克：发条女孩,7.3,douban://douban.com/movie/35750086,2025,日本,科幻,梅津泰臣
35750086,维珍朋克：发条女孩,7.3,douban://douban.com/movie/35750086,2025,日本,动画,梅津泰臣
36877556,阿尔法,6.1,douban://douban.com/movie/36877556,2025,法国 比利时,剧情,朱利亚·迪库诺
36090458,地球特派员,6.8,douban://douban.com/movie/36090458,2025,美国,剧情,玛德琳·莎拉菲安 石之予 阿德里安·莫利纳
36090458,地球特派员,6.8,douban://douban.com/movie/36090458,2025,美国,喜剧,玛德琳·莎拉菲安 石之予 阿德里安·莫利纳
36090458,地球特派员,6.8,douban://douban.com/movie/36090458,2025,美国,科幻,玛德琳·莎拉菲安 石之予 阿德里安·莫利纳
36090458,地球特派员,6.8,douban://douban.com/movie/36090458,2025,美国,动画,玛德琳·莎拉菲安 石之予 阿德里安·莫利纳
36090458,地球特派员,6.8,douban://douban.com/movie/36090458,2025,美国,家庭,玛德琳·莎拉菲安 石之予 阿德里安·莫利纳
36090458,地球特派员,6.8,douban://douban.com/movie/36090458,2025,美国,奇幻,玛德琳·莎拉菲安 石之予 阿德里安·莫利纳
36090458,地球特派员,6.8,douban://douban.com/movie/36090458,2025,美国,冒险,玛德琳·莎拉菲安 石之予 阿德里安·莫利纳
36217796,梅根2.0,6.6,douban://douban.com/movie/36217796,2025,美国 新西兰 加拿大,动作,杰拉德·约翰斯通
36217796,梅根2.0,6.6,douban://douban.com/movie/36217796,2025,美国 新西兰 加拿大,科幻,杰拉德·约翰斯通
36217796,梅根2.0,6.6,douban://douban.com/movie/36217796,2025,美国 新西兰 加拿大,惊悚,杰拉德·约翰斯通
36217796,梅根2.0,6.6,douban://douban.com/movie/36217796,2025,美国 新西兰 加拿大,恐怖,杰拉德·约翰斯通
36368568,我当你兄弟,6.2,douban://douban.com/movie/36368568,2026,美国,喜剧,本大卫·格拉宾斯基
36368568,我当你兄弟,6.2,douban://douban.com/movie/36368568,2026,美国,动作,本大卫·格拉宾斯基
36368568,我当你兄弟,6.2,douban://douban.com/movie/36368568,2026,美国,犯罪,本大卫·格拉宾斯基
36872972,恩佐,7.1,douban://douban.com/movie/36872972,2025,法国 意大利 比利时,剧情,罗宾·坎皮略
36872972,恩佐,7.1,douban://douban.com/movie/36872972,2025,法国 意大利 比利时,同性,罗宾·坎皮略
36749535,恶徒,6.9,douban://douban.com/movie/36749535,2025,波兰 英国,剧情,扬·科马萨
36749535,恶徒,6.9,douban://douban.com/movie/36749535,2025,波兰 英国,悬疑,扬·科马萨
36749535,恶徒,6.9,douban://douban.com/movie/36749535,2025,波兰 英国,惊悚,扬·科马萨
36749535,恶徒,6.9,douban://douban.com/movie/36749535,2025,波兰 英国,恐怖,扬·科马萨
36749535,恶徒,6.9,douban://douban.com/movie/36749535,2025,波兰 英国,犯罪,扬·科马萨
37134618,爆水管,5.7,douban://douban.com/movie/37134618,2026,中国大陆,喜剧,周涤啡
37134618,爆水管,5.7,douban://douban.com/movie/37134618,2026,中国大陆,犯罪,周涤啡
35382381,刺杀小说家2,5.8,douban://douban.com/movie/35382381,2025,中国大陆,动作,路阳
35382381,刺杀小说家2,5.8,douban://douban.com/movie/35382381,2025,中国大陆,奇幻,路阳
36531164,废世界,7.2,douban://douban.com/movie/36531164,2025,日本,科幻,堀贵秀
36531164,废世界,7.2,douban://douban.com/movie/36531164,2025,日本,动画,堀贵秀
36531164,废世界,7.2,douban://douban.com/movie/36531164,2025,日本,奇幻,堀贵秀
36531164,废世界,7.2,douban://douban.com/movie/36531164,2025,日本,冒险,堀贵秀
36176467,小人物2,6.2,douban://douban.com/movie/36176467,2025,美国 加拿大,喜剧,提莫·塔哈亚托
36176467,小人物2,6.2,douban://douban.com/movie/36176467,2025,美国 加拿大,动作,提莫·塔哈亚托
36176467,小人物2,6.2,douban://douban.com/movie/36176467,2025,美国 加拿大,惊悚,提莫·塔哈亚托
36176467,小人物2,6.2,douban://douban.com/movie/36176467,2025,美国 加拿大,犯罪,提莫·塔哈亚托
36830173,三国的星空第一部,7.0,douban://douban.com/movie/36830173,2025,中国大陆,动画,于孟 袁原
36830173,三国的星空第一部,7.0,douban://douban.com/movie/36830173,2025,中国大陆,历史,于孟 袁原
36523156,金童,6.1,douban://douban.com/movie/36523156,2025,中国香港,剧情,陈维冠
36208089,7天,5.9,douban://douban.com/movie/36208089,2025,中国大陆,剧情,邱玉洁
36208089,7天,5.9,douban://douban.com/movie/36208089,2025,中国大陆,爱情,邱玉洁
36207392,浪浪人生,6.1,douban://douban.com/movie/36207392,2025,中国大陆,剧情,马林
36207392,浪浪人生,6.1,douban://douban.com/movie/36207392,2025,中国大陆,喜剧,马林
36207392,浪浪人生,6.1,douban://douban.com/movie/36207392,2025,中国大陆,家庭,马林
36073533,匿杀,5.5,douban://douban.com/movie/36073533,2025,中国大陆,悬疑,柯汶利
36073533,匿杀,5.5,douban://douban.com/movie/36073533,2025,中国大陆,犯罪,柯汶利
36576305,女孩不平凡,7.2,douban://douban.com/movie/36576305,2025,中国台湾 中国澳门 中国香港 泰国,剧情,徐欣羨
36576305,女孩不平凡,7.2,douban://douban.com/movie/36576305,2025,中国台湾 中国澳门 中国香港 泰国,爱情,徐欣羨
36576305,女孩不平凡,7.2,douban://douban.com/movie/36576305,2025,中国台湾 中国澳门 中国香港 泰国,同性,徐欣羨
35270404,死亡竞走,5.4,douban://douban.com/movie/35270404,2025,美国 加拿大,惊悚,弗朗西斯·劳伦斯
35270404,死亡竞走,5.4,douban://douban.com/movie/35270404,2025,美国 加拿大,恐怖,弗朗西斯·劳伦斯
37155129,近畿怪谈,6.4,douban://douban.com/movie/37155129,2025,日本,恐怖,白石晃士
37331289,笑刃荒途,7.2,douban://douban.com/movie/37331289,2025,法国 葡萄牙 巴西 罗马尼亚,剧情,佩德罗·皮诺
37331289,笑刃荒途,7.2,douban://douban.com/movie/37331289,2025,法国 葡萄牙 巴西 罗马尼亚,同性,佩德罗·皮诺
37309944,麦哲伦,6.3,douban://douban.com/movie/37309944,2025,西班牙 葡萄牙 菲律宾,剧情,拉夫·迪亚兹
37309944,麦哲伦,6.3,douban://douban.com/movie/37309944,2025,西班牙 葡萄牙 菲律宾,传记,拉夫·迪亚兹
37309944,麦哲伦,6.3,douban://douban.com/movie/37309944,2025,西班牙 葡萄牙 菲律宾,历史,拉夫·迪亚兹
36821362,风中的洛朗,6.7,douban://douban.com/movie/36821362,2025,法国,剧情,安东·巴列吉安 莱奥·库蒂尔 马泰奥·厄斯塔洪
36752985,下一个台风,6.9,douban://douban.com/movie/36752985,2025,中国大陆,剧情,李玉
35202820,柔似蜜,6.6,douban://douban.com/movie/35202820,2025,美国,剧情,林文德
36743767,侏罗纪世界：重生,5.7,douban://douban.com/movie/36743767,2025,美国,动作,加里斯·爱德华斯
36743767,侏罗纪世界：重生,5.7,douban://douban.com/movie/36743767,2025,美国,科幻,加里斯·爱德华斯
36743767,侏罗纪世界：重生,5.7,douban://douban.com/movie/36743767,2025,美国,惊悚,加里斯·爱德华斯
36743767,侏罗纪世界：重生,5.7,douban://douban.com/movie/36743767,2025,美国,冒险,加里斯·爱德华斯
30429388,死神来了：血脉诅咒,6.9,douban://douban.com/movie/30429388,2025,美国,惊悚,亚当·B·斯坦 扎克·利波夫斯基
30429388,死神来了：血脉诅咒,6.9,douban://douban.com/movie/30429388,2025,美国,恐怖,亚当·B·斯坦 扎克·利波夫斯基
36296619,志愿军：浴血和平,7.1,douban://douban.com/movie/36296619,2025,中国大陆,剧情,陈凯歌
36296619,志愿军：浴血和平,7.1,douban://douban.com/movie/36296619,2025,中国大陆,历史,陈凯歌
36296619,志愿军：浴血和平,7.1,douban://douban.com/movie/36296619,2025,中国大陆,战争,陈凯歌
37130746,十项舞蹈,6.8,douban://douban.com/movie/37130746,2025,日本,爱情,大友启史
37130746,十项舞蹈,6.8,douban://douban.com/movie/37130746,2025,日本,同性,大友启史
36614680,索命哨,5.4,douban://douban.com/movie/36614680,2025,加拿大 爱尔兰,恐怖,科林·哈迪
36597093,奇遇,6.4,douban://douban.com/movie/36597093,2025,法国,剧情,索菲·勒图讷尔
36597093,奇遇,6.4,douban://douban.com/movie/36597093,2025,法国,喜剧,索菲·勒图讷尔
36171586,谁想当老大,6.1,douban://douban.com/movie/36171586,2025,韩国,喜剧,罗喜灿
36171586,谁想当老大,6.1,douban://douban.com/movie/36171586,2025,韩国,动作,罗喜灿
30246476,创：战神,6.1,douban://douban.com/movie/30246476,2025,美国,动作,乔阿吉姆·罗恩尼
30246476,创：战神,6.1,douban://douban.com/movie/30246476,2025,美国,科幻,乔阿吉姆·罗恩尼
30246476,创：战神,6.1,douban://douban.com/movie/30246476,2025,美国,冒险,乔阿吉姆·罗恩尼
36117593,机动战士高达 闪光的哈萨维 喀耳刻的魔女,8.2,douban://douban.com/movie/36117593,2026,日本,剧情,村濑修功
36117593,机动战士高达 闪光的哈萨维 喀耳刻的魔女,8.2,douban://douban.com/movie/36117593,2026,日本,科幻,村濑修功
36117593,机动战士高达 闪光的哈萨维 喀耳刻的魔女,8.2,douban://douban.com/movie/36117593,2026,日本,动画,村濑修功
36117593,机动战士高达 闪光的哈萨维 喀耳刻的魔女,8.2,douban://douban.com/movie/36117593,2026,日本,战争,村濑修功
26335563,孔雀舞曲,6.9,douban://douban.com/movie/26335563,2026,韩国,剧情,李忠弼
37249349,鬼市,5.3,douban://douban.com/movie/37249349,2025,韩国,惊悚,洪元基
37249349,鬼市,5.3,douban://douban.com/movie/37249349,2025,韩国,恐怖,洪元基
36416363,最后的维京人,7.1,douban://douban.com/movie/36416363,2025,丹麦,剧情,安诺斯·托马斯·延森
36416363,最后的维京人,7.1,douban://douban.com/movie/36416363,2025,丹麦,喜剧,安诺斯·托马斯·延森
37107803,捏造,6.7,douban://douban.com/movie/37107803,2025,日本,剧情,三池崇史
37107803,捏造,6.7,douban://douban.com/movie/37107803,2025,日本,惊悚,三池崇史
37107803,捏造,6.7,douban://douban.com/movie/37107803,2025,日本,犯罪,三池崇史
36767890,周四推理俱乐部,6.8,douban://douban.com/movie/36767890,2025,美国 英国,喜剧,克里斯·哥伦布
36767890,周四推理俱乐部,6.8,douban://douban.com/movie/36767890,2025,美国 英国,悬疑,克里斯·哥伦布
36767890,周四推理俱乐部,6.8,douban://douban.com/movie/36767890,2025,美国 英国,惊悚,克里斯·哥伦布
36767890,周四推理俱乐部,6.8,douban://douban.com/movie/36767890,2025,美国 英国,犯罪,克里斯·哥伦布
36621696,黑色电话2,6.0,douban://douban.com/movie/36621696,2025,美国 加拿大,恐怖,斯科特·德瑞克森
36779171,偷天盗日,6.0,douban://douban.com/movie/36779171,2025,美国,惊悚,达伦·阿伦诺夫斯基
36779171,偷天盗日,6.0,douban://douban.com/movie/36779171,2025,美国,犯罪,达伦·阿伦诺夫斯基
37232669,杀戮轮回,5.8,douban://douban.com/movie/37232669,2025,日本,动作,秋本贤一郎 中村幸憲
37232669,杀戮轮回,5.8,douban://douban.com/movie/37232669,2025,日本,科幻,秋本贤一郎 中村幸憲
37232669,杀戮轮回,5.8,douban://douban.com/movie/37232669,2025,日本,动画,秋本贤一郎 中村幸憲
37232669,杀戮轮回,5.8,douban://douban.com/movie/37232669,2025,日本,战争,秋本贤一郎 中村幸憲
36900800,马拉加街夕阳红,7.6,douban://douban.com/movie/36900800,2025,西班牙 法国 德国 比利时 摩洛哥,剧情,玛丽亚姆·图扎尼
34807062,疾速追杀：芭蕾杀姬,6.9,douban://douban.com/movie/34807062,2025,美国 匈牙利,动作,伦·怀斯曼
34807062,疾速追杀：芭蕾杀姬,6.9,douban://douban.com/movie/34807062,2025,美国 匈牙利,惊悚,伦·怀斯曼
36208896,火拼,6.0,douban://douban.com/movie/36208896,2026,中国香港 中国大陆,动作,吴家伟
36208896,火拼,6.0,douban://douban.com/movie/36208896,2026,中国香港 中国大陆,犯罪,吴家伟
37155367,安·李的遗嘱,6.0,douban://douban.com/movie/37155367,2025,英国,剧情,莫娜·法斯特欧德
37155367,安·李的遗嘱,6.0,douban://douban.com/movie/37155367,2025,英国,歌舞,莫娜·法斯特欧德
37155367,安·李的遗嘱,6.0,douban://douban.com/movie/37155367,2025,英国,历史,莫娜·法斯特欧德
37168695,草莓月亮,7.3,douban://douban.com/movie/37168695,2025,日本,剧情,酒井麻衣
37168695,草莓月亮,7.3,douban://douban.com/movie/37168695,2025,日本,爱情,酒井麻衣
36188176,超人,6.3,douban://douban.com/movie/36188176,2025,美国,动作,詹姆斯·古恩
36188176,超人,6.3,douban://douban.com/movie/36188176,2025,美国,科幻,詹姆斯·古恩
36188176,超人,6.3,douban://douban.com/movie/36188176,2025,美国,奇幻,詹姆斯·古恩
36188176,超人,6.3,douban://douban.com/movie/36188176,2025,美国,冒险,詹姆斯·古恩
36904780,真理与背叛,7.3,douban://douban.com/movie/36904780,2025,立陶宛 美国,剧情,马特·惠特可
36904780,真理与背叛,7.3,douban://douban.com/movie/36904780,2025,立陶宛 美国,惊悚,马特·惠特可
36904780,真理与背叛,7.3,douban://douban.com/movie/36904780,2025,立陶宛 美国,历史,马特·惠特可
35373284,悬崖绝壁,6.0,douban://douban.com/movie/35373284,2026,美国,剧情,弗兰克·E.弗劳尔斯
35373284,悬崖绝壁,6.0,douban://douban.com/movie/35373284,2026,美国,动作,弗兰克·E.弗劳尔斯
35373284,悬崖绝壁,6.0,douban://douban.com/movie/35373284,2026,美国,历史,弗兰克·E.弗劳尔斯
35373284,悬崖绝壁,6.0,douban://douban.com/movie/35373284,2026,美国,冒险,弗兰克·E.弗劳尔斯
36883048,危险动物,6.2,douban://douban.com/movie/36883048,2025,澳大利亚 美国 加拿大,惊悚,肖恩·伯恩
36883048,危险动物,6.2,douban://douban.com/movie/36883048,2025,澳大利亚 美国 加拿大,恐怖,肖恩·伯恩
37445715,欣德·拉贾布之声,6.8,douban://douban.com/movie/37445715,2025,突尼斯 法国 英国 沙特阿拉伯 美国 意大利 塞浦路斯,剧情,考塞尔·本·哈尼耶
37303803,欢乐岁月,7.2,douban://douban.com/movie/37303803,2025,美国,歌舞,玛丽亚·弗里德曼
37427493,熊出没·年年有熊,6.5,douban://douban.com/movie/37427493,2026,中国大陆,喜剧,林汇达
37427493,熊出没·年年有熊,6.5,douban://douban.com/movie/37427493,2026,中国大陆,动画,林汇达
37427493,熊出没·年年有熊,6.5,douban://douban.com/movie/37427493,2026,中国大陆,奇幻,林汇达
36795366,猛虎末路,6.7,douban://douban.com/movie/36795366,2025,德国,剧情,丹尼斯·甘塞尔
36795366,猛虎末路,6.7,douban://douban.com/movie/36795366,2025,德国,动作,丹尼斯·甘塞尔
36795366,猛虎末路,6.7,douban://douban.com/movie/36795366,2025,德国,历史,丹尼斯·甘塞尔
36795366,猛虎末路,6.7,douban://douban.com/movie/36795366,2025,德国,战争,丹尼斯·甘塞尔
36399215,13个日夜,6.3,douban://douban.com/movie/36399215,2025,法国 比利时,动作,马丁·布尔布隆
36399215,13个日夜,6.3,douban://douban.com/movie/36399215,2025,法国 比利时,战争,马丁·布尔布隆
36657639,雷诺阿,6.7,douban://douban.com/movie/36657639,2025,日本 法国 新加坡 菲律宾 印度尼西亚 卡塔尔,剧情,早川千绘
35268569,爱丁顿,6.6,douban://douban.com/movie/35268569,2025,美国 芬兰,剧情,阿里·艾斯特
35268569,爱丁顿,6.6,douban://douban.com/movie/35268569,2025,美国 芬兰,喜剧,阿里·艾斯特
35268569,爱丁顿,6.6,douban://douban.com/movie/35268569,2025,美国 芬兰,西部,阿里·艾斯特
37032137,特工迷阵,5.8,douban://douban.com/movie/37032137,2026,新西兰 美国,喜剧,安杰尔·曼纽尔·索托
37032137,特工迷阵,5.8,douban://douban.com/movie/37032137,2026,新西兰 美国,动作,安杰尔·曼纽尔·索托
37032137,特工迷阵,5.8,douban://douban.com/movie/37032137,2026,新西兰 美国,悬疑,安杰尔·曼纽尔·索托
37032137,特工迷阵,5.8,douban://douban.com/movie/37032137,2026,新西兰 美国,犯罪,安杰尔·曼纽尔·索托
35351910,超异能特攻,6.2,douban://douban.com/movie/35351910,2025,韩国,喜剧,姜炯哲
35351910,超异能特攻,6.2,douban://douban.com/movie/35351910,2025,韩国,动作,姜炯哲
35351910,超异能特攻,6.2,douban://douban.com/movie/35351910,2025,韩国,奇幻,姜炯哲
35351910,超异能特攻,6.2,douban://douban.com/movie/35351910,2025,韩国,冒险,姜炯哲
37493412,妄人妄途,7.3,douban://douban.com/movie/37493412,2025,印度,剧情,苏迪希斯·桑卡尔
37493412,妄人妄途,7.3,douban://douban.com/movie/37493412,2025,印度,喜剧,苏迪希斯·桑卡尔
37493412,妄人妄途,7.3,douban://douban.com/movie/37493412,2025,印度,惊悚,苏迪希斯·桑卡尔
35332339,弗拉明戈的神秘眼神,7.1,douban://douban.com/movie/35332339,2025,法国 智利 德国 西班牙 比利时,剧情,迭戈·塞斯佩德斯
35332339,弗拉明戈的神秘眼神,7.1,douban://douban.com/movie/35332339,2025,法国 智利 德国 西班牙 比利时,同性,迭戈·塞斯佩德斯
36340236,盛夏假期遇见爱,6.5,douban://douban.com/movie/36340236,2026,美国,爱情,布雷特·海利
36116692,眨眼之间,6.6,douban://douban.com/movie/36116692,2026,美国,剧情,安德鲁·斯坦顿
36116692,眨眼之间,6.6,douban://douban.com/movie/36116692,2026,美国,科幻,安德鲁·斯坦顿
36809537,杜塞,6.2,douban://douban.com/movie/36809537,2025,意大利,剧情,皮耶特罗·马切罗
36809537,杜塞,6.2,douban://douban.com/movie/36809537,2025,意大利,传记,皮耶特罗·马切罗
36809537,杜塞,6.2,douban://douban.com/movie/36809537,2025,意大利,历史,皮耶特罗·马切罗
37387189,披萨电影,6.4,douban://douban.com/movie/37387189,2026,美国,喜剧,尼克·科切 布莱恩·麦克哈尼
36889911,炸药屋,6.4,douban://douban.com/movie/36889911,2025,美国,剧情,凯瑟琳·毕格罗
36889911,炸药屋,6.4,douban://douban.com/movie/36889911,2025,美国,惊悚,凯瑟琳·毕格罗
35614162,旁观者,6.3,douban://douban.com/movie/35614162,2025,中国大陆,剧情,松太加
36367175,好运,6.2,douban://douban.com/movie/36367175,2025,美国,喜剧,阿兹·安萨里
36367175,好运,6.2,douban://douban.com/movie/36367175,2025,美国,动作,阿兹·安萨里
36367175,好运,6.2,douban://douban.com/movie/36367175,2025,美国,爱情,阿兹·安萨里
36367175,好运,6.2,douban://douban.com/movie/36367175,2025,美国,奇幻,阿兹·安萨里
37154895,楼上的人们,6.3,douban://douban.com/movie/37154895,2025,韩国,剧情,河正宇
37154895,楼上的人们,6.3,douban://douban.com/movie/37154895,2025,韩国,爱情,河正宇
37018194,咒术回战 怀玉·玉折 总集篇,8.3,douban://douban.com/movie/37018194,2025,日本,剧情,御所园翔太
37018194,咒术回战 怀玉·玉折 总集篇,8.3,douban://douban.com/movie/37018194,2025,日本,动作,御所园翔太
37018194,咒术回战 怀玉·玉折 总集篇,8.3,douban://douban.com/movie/37018194,2025,日本,动画,御所园翔太
37018194,咒术回战 怀玉·玉折 总集篇,8.3,douban://douban.com/movie/37018194,2025,日本,奇幻,御所园翔太
36782374,轻于鸿毛,6.2,douban://douban.com/movie/36782374,2025,中国大陆,剧情,周铨
36978167,脸庞,6.5,douban://douban.com/movie/36978167,2025,韩国,悬疑,延尚昊
36978167,脸庞,6.5,douban://douban.com/movie/36978167,2025,韩国,惊悚,延尚昊
30419032,水之年代,6.2,douban://douban.com/movie/30419032,2025,美国 法国 拉脱维亚,剧情,克里斯汀·斯图尔特
30419032,水之年代,6.2,douban://douban.com/movie/30419032,2025,美国 法国 拉脱维亚,爱情,克里斯汀·斯图尔特
30419032,水之年代,6.2,douban://douban.com/movie/30419032,2025,美国 法国 拉脱维亚,传记,克里斯汀·斯图尔特
37335303,角头：斗阵欸,6.2,douban://douban.com/movie/37335303,2025,中国台湾,剧情,姜瑞智 姚宏易
37335303,角头：斗阵欸,6.2,douban://douban.com/movie/37335303,2025,中国台湾,动作,姜瑞智 姚宏易
37335303,角头：斗阵欸,6.2,douban://douban.com/movie/37335303,2025,中国台湾,犯罪,姜瑞智 姚宏易
36936356,我的僵尸女儿,6.6,douban://douban.com/movie/36936356,2025,韩国,喜剧,毕感成
36936356,我的僵尸女儿,6.6,douban://douban.com/movie/36936356,2025,韩国,科幻,毕感成
36936356,我的僵尸女儿,6.6,douban://douban.com/movie/36936356,2025,韩国,惊悚,毕感成
36787731,万物生灵：2025圣诞特别集,8.9,douban://douban.com/movie/36787731,2025,英国,剧情,尼古拉斯·瑞夫 蕾切尔·申顿
36886334,克里斯蒂,6.6,douban://douban.com/movie/36886334,2025,美国,剧情,大卫·米奇欧德
36886334,克里斯蒂,6.6,douban://douban.com/movie/36886334,2025,美国,传记,大卫·米奇欧德
36886334,克里斯蒂,6.6,douban://douban.com/movie/36886334,2025,美国,运动,大卫·米奇欧德
37345019,十一,7.4,douban://douban.com/movie/37345019,2025,印度,爱情,Lokkesh Ajls
30345743,星际宝贝史迪奇,7.2,douban://douban.com/movie/30345743,2025,美国,喜剧,迪恩·弗雷斯彻-坎普
30345743,星际宝贝史迪奇,7.2,douban://douban.com/movie/30345743,2025,美国,动作,迪恩·弗雷斯彻-坎普
30345743,星际宝贝史迪奇,7.2,douban://douban.com/movie/30345743,2025,美国,科幻,迪恩·弗雷斯彻-坎普
30345743,星际宝贝史迪奇,7.2,douban://douban.com/movie/30345743,2025,美国,奇幻,迪恩·弗雷斯彻-坎普
30345743,星际宝贝史迪奇,7.2,douban://douban.com/movie/30345743,2025,美国,冒险,迪恩·弗雷斯彻-坎普
35641244,时光留声,6.2,douban://douban.com/movie/35641244,2025,美国 英国 瑞典,剧情,奥利弗·赫曼纽斯
35641244,时光留声,6.2,douban://douban.com/movie/35641244,2025,美国 英国 瑞典,爱情,奥利弗·赫曼纽斯
35641244,时光留声,6.2,douban://douban.com/movie/35641244,2025,美国 英国 瑞典,同性,奥利弗·赫曼纽斯
35641244,时光留声,6.2,douban://douban.com/movie/35641244,2025,美国 英国 瑞典,历史,奥利弗·赫曼纽斯
35295232,绮梦之旅,5.7,douban://douban.com/movie/35295232,2025,美国 爱尔兰,剧情,郭共达
35295232,绮梦之旅,5.7,douban://douban.com/movie/35295232,2025,美国 爱尔兰,爱情,郭共达
35295232,绮梦之旅,5.7,douban://douban.com/movie/35295232,2025,美国 爱尔兰,奇幻,郭共达
35295232,绮梦之旅,5.7,douban://douban.com/movie/35295232,2025,美国 爱尔兰,冒险,郭共达
36883109,宝岛,6.2,douban://douban.com/movie/36883109,2025,日本,剧情,大友启史
36883109,宝岛,6.2,douban://douban.com/movie/36883109,2025,日本,历史,大友启史
36850049,永生战士2,6.6,douban://douban.com/movie/36850049,2025,芬兰 英国,动作,贾马里·赫兰德
36850049,永生战士2,6.6,douban://douban.com/movie/36850049,2025,芬兰 英国,战争,贾马里·赫兰德
36948664,卷卷初恋,7.0,douban://douban.com/movie/36948664,2025,韩国,剧情,南宫善
36948664,卷卷初恋,7.0,douban://douban.com/movie/36948664,2025,韩国,喜剧,南宫善
36948664,卷卷初恋,7.0,douban://douban.com/movie/36948664,2025,韩国,爱情,南宫善
36828836,合唱团,6.7,douban://douban.com/movie/36828836,2025,英国,剧情,尼古拉斯·希特纳
36828836,合唱团,6.7,douban://douban.com/movie/36828836,2025,英国,爱情,尼古拉斯·希特纳
36828836,合唱团,6.7,douban://douban.com/movie/36828836,2025,英国,音乐,尼古拉斯·希特纳
36828836,合唱团,6.7,douban://douban.com/movie/36828836,2025,英国,历史,尼古拉斯·希特纳
36707357,亲爱的，别！,5.2,douban://douban.com/movie/36707357,2025,美国 英国,喜剧,伊桑·科恩
36707357,亲爱的，别！,5.2,douban://douban.com/movie/36707357,2025,美国 英国,悬疑,伊桑·科恩
36707357,亲爱的，别！,5.2,douban://douban.com/movie/36707357,2025,美国 英国,惊悚,伊桑·科恩
36707357,亲爱的，别！,5.2,douban://douban.com/movie/36707357,2025,美国 英国,犯罪,伊桑·科恩
37229744,倒退,6.7,douban://douban.com/movie/37229744,2025,西班牙 多米尼加,悬疑,Jacob Santana
37229744,倒退,6.7,douban://douban.com/movie/37229744,2025,西班牙 多米尼加,惊悚,Jacob Santana
35740377,弗兰茨,7.1,douban://douban.com/movie/35740377,2025,捷克 波兰 德国 法国 土耳其,剧情,阿格涅丝卡·霍兰
35740377,弗兰茨,7.1,douban://douban.com/movie/35740377,2025,捷克 波兰 德国 法国 土耳其,传记,阿格涅丝卡·霍兰
35740377,弗兰茨,7.1,douban://douban.com/movie/35740377,2025,捷克 波兰 德国 法国 土耳其,历史,阿格涅丝卡·霍兰
37479626,巴霍巴利王：史诗,7.1,douban://douban.com/movie/37479626,2025,印度,剧情,S·S·拉贾穆里
37479626,巴霍巴利王：史诗,7.1,douban://douban.com/movie/37479626,2025,印度,动作,S·S·拉贾穆里
37479626,巴霍巴利王：史诗,7.1,douban://douban.com/movie/37479626,2025,印度,奇幻,S·S·拉贾穆里
36403252,辣妈辣妹2,6.8,douban://douban.com/movie/36403252,2025,美国,喜剧,尼萨·加纳特
36403252,辣妈辣妹2,6.8,douban://douban.com/movie/36403252,2025,美国,家庭,尼萨·加纳特
36403252,辣妈辣妹2,6.8,douban://douban.com/movie/36403252,2025,美国,奇幻,尼萨·加纳特
36831721,原始战争,6.0,douban://douban.com/movie/36831721,2025,澳大利亚,动作,卢克·斯帕克
36831721,原始战争,6.0,douban://douban.com/movie/36831721,2025,澳大利亚,科幻,卢克·斯帕克
36831721,原始战争,6.0,douban://douban.com/movie/36831721,2025,澳大利亚,恐怖,卢克·斯帕克
36831721,原始战争,6.0,douban://douban.com/movie/36831721,2025,澳大利亚,战争,卢克·斯帕克
36587901,国家公诉人,6.6,douban://douban.com/movie/36587901,2025,法国 德国 荷兰 拉脱维亚 罗马尼亚 立陶宛,剧情,谢尔盖·洛兹尼察
36587901,国家公诉人,6.6,douban://douban.com/movie/36587901,2025,法国 德国 荷兰 拉脱维亚 罗马尼亚 立陶宛,历史,谢尔盖·洛兹尼察
37089972,致命录像带：万圣节,6.2,douban://douban.com/movie/37089972,2025,美国,恐怖,布莱恩·M·弗格森 加斯帕·凯利 R·H·诺曼 亚历克斯·罗斯·派瑞 米其琳·皮特 帕科·普拉萨 安娜·兹洛科维奇
37015063,分享镇,6.1,douban://douban.com/movie/37015063,2025,美国,剧情,迈克尔·安盖洛·科维诺
37015063,分享镇,6.1,douban://douban.com/movie/37015063,2025,美国,喜剧,迈克尔·安盖洛·科维诺
37015063,分享镇,6.1,douban://douban.com/movie/37015063,2025,美国,爱情,迈克尔·安盖洛·科维诺
36638072,有朵云像你,6.4,douban://douban.com/movie/36638072,2025,中国大陆,剧情,姚婷婷
36638072,有朵云像你,6.4,douban://douban.com/movie/36638072,2025,中国大陆,爱情,姚婷婷
36638072,有朵云像你,6.4,douban://douban.com/movie/36638072,2025,中国大陆,奇幻,姚婷婷
36809947,恶意,6.0,douban://douban.com/movie/36809947,2025,中国大陆,剧情,来牧宽 姚文逸
36809947,恶意,6.0,douban://douban.com/movie/36809947,2025,中国大陆,悬疑,来牧宽 姚文逸
36170178,国家元首,6.6,douban://douban.com/movie/36170178,2025,美国,喜剧,伊利亚·奈舒勒
36170178,国家元首,6.6,douban://douban.com/movie/36170178,2025,美国,动作,伊利亚·奈舒勒
36170178,国家元首,6.6,douban://douban.com/movie/36170178,2025,美国,惊悚,伊利亚·奈舒勒
36955318,留存的爱,6.8,douban://douban.com/movie/36955318,2025,冰岛 丹麦 瑞典 法国,剧情,赫利努尔·帕尔马松
36955318,留存的爱,6.8,douban://douban.com/movie/36955318,2025,冰岛 丹麦 瑞典 法国,家庭,赫利努尔·帕尔马松
34881732,粉碎机,5.9,douban://douban.com/movie/34881732,2025,美国,剧情,本·萨弗迪
34881732,粉碎机,5.9,douban://douban.com/movie/34881732,2025,美国,动作,本·萨弗迪
34881732,粉碎机,5.9,douban://douban.com/movie/34881732,2025,美国,传记,本·萨弗迪
34881732,粉碎机,5.9,douban://douban.com/movie/34881732,2025,美国,运动,本·萨弗迪
36894424,放飞旅行团,5.7,douban://douban.com/movie/36894424,2025,韩国,剧情,南大中
25792787,白头神探：智斗灭世狂人,5.8,douban://douban.com/movie/25792787,2025,美国 加拿大,喜剧,阿吉瓦·沙弗尔
25792787,白头神探：智斗灭世狂人,5.8,douban://douban.com/movie/25792787,2025,美国 加拿大,动作,阿吉瓦·沙弗尔
25792787,白头神探：智斗灭世狂人,5.8,douban://douban.com/movie/25792787,2025,美国 加拿大,犯罪,阿吉瓦·沙弗尔
36678301,望向太阳,6.6,douban://douban.com/movie/36678301,2025,德国,剧情,玛莎·施林斯基
36347260,盗亦有道,6.4,douban://douban.com/movie/36347260,2025,澳大利亚 美国,剧情,沙恩·布莱克
36347260,盗亦有道,6.4,douban://douban.com/movie/36347260,2025,澳大利亚 美国,犯罪,沙恩·布莱克
36960810,钢琴事故,6.4,douban://douban.com/movie/36960810,2025,法国,剧情,昆汀·杜皮约
36960810,钢琴事故,6.4,douban://douban.com/movie/36960810,2025,法国,喜剧,昆汀·杜皮约
36961646,私生活,6.2,douban://douban.com/movie/36961646,2025,法国,剧情,丽贝卡·兹罗托斯基
36961646,私生活,6.2,douban://douban.com/movie/36961646,2025,法国,悬疑,丽贝卡·兹罗托斯基
36961646,私生活,6.2,douban://douban.com/movie/36961646,2025,法国,犯罪,丽贝卡·兹罗托斯基
36654373,政坛新星,5.8,douban://douban.com/movie/36654373,2025,美国,剧情,詹姆斯·L·布鲁克斯
36654373,政坛新星,5.8,douban://douban.com/movie/36654373,2025,美国,喜剧,詹姆斯·L·布鲁克斯
37228408,布吕歇尔号巡洋舰,7.2,douban://douban.com/movie/37228408,2025,挪威,剧情,Daniel Fahre
37228408,布吕歇尔号巡洋舰,7.2,douban://douban.com/movie/37228408,2025,挪威,历史,Daniel Fahre
37228408,布吕歇尔号巡洋舰,7.2,douban://douban.com/movie/37228408,2025,挪威,战争,Daniel Fahre
37061195,谍杀风暴,5.7,douban://douban.com/movie/37061195,2026,西班牙,惊悚,丹尼·德拉托雷
37022026,蓝调之歌,6.5,douban://douban.com/movie/37022026,2025,美国,剧情,克雷格·布鲁尔
37022026,蓝调之歌,6.5,douban://douban.com/movie/37022026,2025,美国,音乐,克雷格·布鲁尔
37022026,蓝调之歌,6.5,douban://douban.com/movie/37022026,2025,美国,歌舞,克雷格·布鲁尔
37022026,蓝调之歌,6.5,douban://douban.com/movie/37022026,2025,美国,传记,克雷格·布鲁尔
37022026,蓝调之歌,6.5,douban://douban.com/movie/37022026,2025,美国,历史,克雷格·布鲁尔
36650632,狗狗,7.2,douban://douban.com/movie/36650632,2025,阿根廷,剧情,马可·伯格
36650632,狗狗,7.2,douban://douban.com/movie/36650632,2025,阿根廷,爱情,马可·伯格
37077139,夏日沙上,5.8,douban://douban.com/movie/37077139,2025,日本,剧情,玉田真也
37480812,手遮天,6.6,douban://douban.com/movie/37480812,2026,中国大陆,动作,刘文普
37480812,手遮天,6.6,douban://douban.com/movie/37480812,2026,中国大陆,犯罪,刘文普
37480812,手遮天,6.6,douban://douban.com/movie/37480812,2026,中国大陆,古装,刘文普
35633741,混凝土市场,6.1,douban://douban.com/movie/35633741,2025,韩国,剧情,洪基元
35633741,混凝土市场,6.1,douban://douban.com/movie/35633741,2025,韩国,动作,洪基元
35633741,混凝土市场,6.1,douban://douban.com/movie/35633741,2025,韩国,惊悚,洪基元
36960951,猩疯血雨,5.4,douban://douban.com/movie/36960951,2025,美国 英国 加拿大 澳大利亚,恐怖,约翰内斯·罗伯茨
37089559,微笑的山谷,6.7,douban://douban.com/movie/37089559,2025,意大利 斯洛文尼亚,剧情,保罗·斯特里波利
37089559,微笑的山谷,6.7,douban://douban.com/movie/37089559,2025,意大利 斯洛文尼亚,恐怖,保罗·斯特里波利
37317387,新的景色,6.4,douban://douban.com/movie/37317387,2025,日本,剧情,团冢唯我
36894887,10号舱房的女人,5.7,douban://douban.com/movie/36894887,2025,美国 英国,剧情,西蒙·斯通
36894887,10号舱房的女人,5.7,douban://douban.com/movie/36894887,2025,美国 英国,悬疑,西蒙·斯通
36894887,10号舱房的女人,5.7,douban://douban.com/movie/36894887,2025,美国 英国,惊悚,西蒙·斯通
36999797,为你遗憾,5.7,douban://douban.com/movie/36999797,2025,德国 美国,剧情,约什·布恩
37322522,愚者的身份,6.9,douban://douban.com/movie/37322522,2025,日本,惊悚,永田琴
36453173,脱缰者也,5.3,douban://douban.com/movie/36453173,2025,中国大陆,喜剧,曹保平
36453173,脱缰者也,5.3,douban://douban.com/movie/36453173,2025,中国大陆,犯罪,曹保平
36770063,天国与地狱,6.0,douban://douban.com/movie/36770063,2025,美国 日本,剧情,斯派克·李
36770063,天国与地狱,6.0,douban://douban.com/movie/36770063,2025,美国 日本,悬疑,斯派克·李
36770063,天国与地狱,6.0,douban://douban.com/movie/36770063,2025,美国 日本,惊悚,斯派克·李
36770063,天国与地狱,6.0,douban://douban.com/movie/36770063,2025,美国 日本,犯罪,斯派克·李
37037980,小林家的龙丫头：怕寂寞的龙,7.4,douban://douban.com/movie/37037980,2025,日本,剧情,石原立也
37037980,小林家的龙丫头：怕寂寞的龙,7.4,douban://douban.com/movie/37037980,2025,日本,动画,石原立也
37037980,小林家的龙丫头：怕寂寞的龙,7.4,douban://douban.com/movie/37037980,2025,日本,奇幻,石原立也
37168030,我们的错误,5.6,douban://douban.com/movie/37168030,2025,西班牙,剧情,多明戈·冈萨雷斯
37168030,我们的错误,5.6,douban://douban.com/movie/37168030,2025,西班牙,爱情,多明戈·冈萨雷斯
36066090,瑞典救援暗线,7.0,douban://douban.com/movie/36066090,2026,瑞典,剧情,特蕾兹·阿尔贝克 马库斯·奥尔森
36066090,瑞典救援暗线,7.0,douban://douban.com/movie/36066090,2026,瑞典,传记,特蕾兹·阿尔贝克 马库斯·奥尔森
36066090,瑞典救援暗线,7.0,douban://douban.com/movie/36066090,2026,瑞典,历史,特蕾兹·阿尔贝克 马库斯·奥尔森
36066090,瑞典救援暗线,7.0,douban://douban.com/movie/36066090,2026,瑞典,战争,特蕾兹·阿尔贝克 马库斯·奥尔森
30305568,比如父子,5.1,douban://douban.com/movie/30305568,2025,中国大陆 法国,剧情,仇晟
30305568,比如父子,5.1,douban://douban.com/movie/30305568,2025,中国大陆 法国,科幻,仇晟
36803372,死人开关,6.2,douban://douban.com/movie/36803372,2025,美国,剧情,格斯·范·桑特
36803372,死人开关,6.2,douban://douban.com/movie/36803372,2025,美国,历史,格斯·范·桑特
36803372,死人开关,6.2,douban://douban.com/movie/36803372,2025,美国,犯罪,格斯·范·桑特
36469477,时间之子,6.3,douban://douban.com/movie/36469477,2025,中国大陆,爱情,于奥 周铁男
36469477,时间之子,6.3,douban://douban.com/movie/36469477,2025,中国大陆,动画,于奥 周铁男
36469477,时间之子,6.3,douban://douban.com/movie/36469477,2025,中国大陆,奇幻,于奥 周铁男
36469477,时间之子,6.3,douban://douban.com/movie/36469477,2025,中国大陆,冒险,于奥 周铁男
35328629,我们不是陌生人,5.6,douban://douban.com/movie/35328629,2026,新加坡,剧情,陈哲艺
36857468,瘟疫,6.6,douban://douban.com/movie/36857468,2025,澳大利亚 阿联酋 美国 罗马尼亚,剧情,查理·波林格
36857468,瘟疫,6.6,douban://douban.com/movie/36857468,2025,澳大利亚 阿联酋 美国 罗马尼亚,惊悚,查理·波林格
36841068,德古拉,5.5,douban://douban.com/movie/36841068,2025,英国 法国,爱情,吕克·贝松
36841068,德古拉,5.5,douban://douban.com/movie/36841068,2025,英国 法国,恐怖,吕克·贝松
36841068,德古拉,5.5,douban://douban.com/movie/36841068,2025,英国 法国,奇幻,吕克·贝松
36564929,奇异的河流,6.7,douban://douban.com/movie/36564929,2025,西班牙 德国,剧情,豪梅·克拉雷特·穆克萨尔德
36564929,奇异的河流,6.7,douban://douban.com/movie/36564929,2025,西班牙 德国,爱情,豪梅·克拉雷特·穆克萨尔德
36472989,巴勒斯坦36,6.6,douban://douban.com/movie/36472989,2025,巴勒斯坦 英国 法国 卡塔尔 沙特阿拉伯 丹麦 约旦 挪威,剧情,安娜玛丽·雅西尔
37046106,TOKYO MER～移动的急救室～南海任务 电影版,7.3,douban://douban.com/movie/37046106,2025,日本,剧情,松木彩
36430909,狐步,6.9,douban://douban.com/movie/36430909,2025,法国 比利时,剧情,瓦莱里·卡努瓦
36446114,开麦了吗？,5.9,douban://douban.com/movie/36446114,2025,美国,剧情,布莱德利·库珀
36446114,开麦了吗？,5.9,douban://douban.com/movie/36446114,2025,美国,喜剧,布莱德利·库珀
37149016,鲁邦三世：不死身的血族,6.3,douban://douban.com/movie/37149016,2025,日本,剧情,小池健
37149016,鲁邦三世：不死身的血族,6.3,douban://douban.com/movie/37149016,2025,日本,动画,小池健
35840586,最小的女儿,5.8,douban://douban.com/movie/35840586,2025,法国 德国,剧情,阿弗西娅·埃尔奇
35840586,最小的女儿,5.8,douban://douban.com/movie/35840586,2025,法国 德国,同性,阿弗西娅·埃尔奇
36135296,教场 Reunion,6.0,douban://douban.com/movie/36135296,2026,日本,剧情,中江功
36135296,教场 Reunion,6.0,douban://douban.com/movie/36135296,2026,日本,悬疑,中江功
37479896,肉食日,5.7,douban://douban.com/movie/37479896,2025,荷兰,恐怖,Martijn Smits
37560609,我们不可能成为恋人！绝对不行。 (※似乎可行？) 〜再次闪耀！〜,8.1,douban://douban.com/movie/37560609,2025,日本,喜剧,内沼菜摘
37560609,我们不可能成为恋人！绝对不行。 (※似乎可行？) 〜再次闪耀！〜,8.1,douban://douban.com/movie/37560609,2025,日本,动画,内沼菜摘
37560609,我们不可能成为恋人！绝对不行。 (※似乎可行？) 〜再次闪耀！〜,8.1,douban://douban.com/movie/37560609,2025,日本,同性,内沼菜摘
37207219,绚烂一刻,6.6,douban://douban.com/movie/37207219,2026,美国,剧情,艾丹·扎米里
34954069,世外,7.0,douban://douban.com/movie/34954069,2025,中国香港,动画,吴启忠
36243544,孤儿,6.0,douban://douban.com/movie/36243544,2025,匈牙利 英国 美国 塞浦路斯 法国 德国,剧情,拉斯洛·奈迈施
36243544,孤儿,6.0,douban://douban.com/movie/36243544,2025,匈牙利 英国 美国 塞浦路斯 法国 德国,传记,拉斯洛·奈迈施
36243544,孤儿,6.0,douban://douban.com/movie/36243544,2025,匈牙利 英国 美国 塞浦路斯 法国 德国,历史,拉斯洛·奈迈施
36962864,正在缩小的男人,6.4,douban://douban.com/movie/36962864,2025,法国 比利时,科幻,扬·高能
36962864,正在缩小的男人,6.4,douban://douban.com/movie/36962864,2025,法国 比利时,冒险,扬·高能
36174652,核,7.0,douban://douban.com/movie/36174652,2025,新加坡 荷兰 法国 西班牙 韩国,剧情,陈思攸
36896644,独一无二,6.7,douban://douban.com/movie/36896644,2025,中国大陆,剧情,王沐
37155318,无名之辈：否极泰来,5.6,douban://douban.com/movie/37155318,2025,中国大陆 中国香港,喜剧,饶晓志
37155318,无名之辈：否极泰来,5.6,douban://douban.com/movie/37155318,2025,中国大陆 中国香港,犯罪,饶晓志
36371992,铁肺,5.5,douban://douban.com/movie/36371992,2026,美国,恐怖,马克·费施巴赫
37226447,唯有美好,6.6,douban://douban.com/movie/37226447,2025,巴西,剧情,丹尼尔·诺拉斯科
37226447,唯有美好,6.6,douban://douban.com/movie/37226447,2025,巴西,同性,丹尼尔·诺拉斯科
11600089,功夫梦：融合之道,5.2,douban://douban.com/movie/11600089,2025,美国 加拿大,剧情,乔纳森·恩特威斯尔
11600089,功夫梦：融合之道,5.2,douban://douban.com/movie/11600089,2025,美国 加拿大,动作,乔纳森·恩特威斯尔
11600089,功夫梦：融合之道,5.2,douban://douban.com/movie/11600089,2025,美国 加拿大,运动,乔纳森·恩特威斯尔
37296317,喂，应为,6.3,douban://douban.com/movie/37296317,2025,日本,剧情,大森立嗣
37296317,喂，应为,6.3,douban://douban.com/movie/37296317,2025,日本,传记,大森立嗣
37374404,黑，红，黄,6.9,douban://douban.com/movie/37374404,2025,吉尔吉斯斯坦,剧情,阿克坦·阿布德卡雷科夫
37505432,咒术回战 涩谷事变×死灭回游 剧场版,6.4,douban://douban.com/movie/37505432,2025,日本,剧情,御所园翔太
37505432,咒术回战 涩谷事变×死灭回游 剧场版,6.4,douban://douban.com/movie/37505432,2025,日本,动作,御所园翔太
37505432,咒术回战 涩谷事变×死灭回游 剧场版,6.4,douban://douban.com/movie/37505432,2025,日本,动画,御所园翔太
37505432,咒术回战 涩谷事变×死灭回游 剧场版,6.4,douban://douban.com/movie/37505432,2025,日本,奇幻,御所园翔太
37236843,再见琼,7.0,douban://douban.com/movie/37236843,2025,英国 美国,剧情,凯特·温斯莱特
37258105,安全屋,6.6,douban://douban.com/movie/37258105,2025,美国,动作,Jamie Marshall
37258105,安全屋,6.6,douban://douban.com/movie/37258105,2025,美国,悬疑,Jamie Marshall
35700148,冬日之死,6.3,douban://douban.com/movie/35700148,2025,美国 德国,动作,布莱恩·柯克
35700148,冬日之死,6.3,douban://douban.com/movie/35700148,2025,美国 德国,惊悚,布莱恩·柯克
35744936,甜蜜养老院,6.0,douban://douban.com/movie/35744936,2025,美国,惊悚,詹姆斯·德莫纳克
35744936,甜蜜养老院,6.0,douban://douban.com/movie/35744936,2025,美国,恐怖,詹姆斯·德莫纳克
36779927,年轻母亲之家,6.8,douban://douban.com/movie/36779927,2025,法国 比利时,剧情,让-皮埃尔·达内 吕克·达内
37335483,今夜，就算这份爱恋从世界上消失,6.7,douban://douban.com/movie/37335483,2025,韩国,爱情,金惠英
37109415,平安夜，杀人夜,6.1,douban://douban.com/movie/37109415,2025,美国,惊悚,迈克·P·纳尔逊
37109415,平安夜，杀人夜,6.1,douban://douban.com/movie/37109415,2025,美国,恐怖,迈克·P·纳尔逊
35604019,恶魔搬进来了,6.2,douban://douban.com/movie/35604019,2025,韩国,喜剧,李相槿
35604019,恶魔搬进来了,6.2,douban://douban.com/movie/35604019,2025,韩国,爱情,李相槿
36907269,凤仙花,7.4,douban://douban.com/movie/36907269,2025,日本,动画,木下麦
36829527,猎杀之后,5.9,douban://douban.com/movie/36829527,2025,美国 意大利,剧情,卢卡·瓜达尼诺
36829527,猎杀之后,5.9,douban://douban.com/movie/36829527,2025,美国 意大利,惊悚,卢卡·瓜达尼诺
36829527,猎杀之后,5.9,douban://douban.com/movie/36829527,2025,美国 意大利,犯罪,卢卡·瓜达尼诺
36948643,运钞大劫案,5.7,douban://douban.com/movie/36948643,2025,中国大陆,动作,霍穗强
36948643,运钞大劫案,5.7,douban://douban.com/movie/36948643,2025,中国大陆,犯罪,霍穗强
37195133,我独自蜜月,6.1,douban://douban.com/movie/37195133,2026,美国,喜剧,查尔斯·金南 丹尼尔·金南
37195133,我独自蜜月,6.1,douban://douban.com/movie/37195133,2026,美国,爱情,查尔斯·金南 丹尼尔·金南
37337369,喜羊羊与灰太狼之异国破晓,6.6,douban://douban.com/movie/37337369,2025,中国大陆,喜剧,陈辉衍 梁嘉琪
37337369,喜羊羊与灰太狼之异国破晓,6.6,douban://douban.com/movie/37337369,2025,中国大陆,动画,陈辉衍 梁嘉琪
37113995,东北恋哥3：冬天里的一把火,6.2,douban://douban.com/movie/37113995,2026,中国大陆,喜剧,秦小珍
37113995,东北恋哥3：冬天里的一把火,6.2,douban://douban.com/movie/37113995,2026,中国大陆,爱情,秦小珍
38242775,赤红生死线,6.0,douban://douban.com/movie/38242775,2026,泰国,剧情,西蒂斯里·蒙哥西里
38242775,赤红生死线,6.0,douban://douban.com/movie/38242775,2026,泰国,惊悚,西蒂斯里·蒙哥西里
38242775,赤红生死线,6.0,douban://douban.com/movie/38242775,2026,泰国,犯罪,西蒂斯里·蒙哥西里
37388734,午夜之花,6.1,douban://douban.com/movie/37388734,2025,日本,犯罪,内田英治
37000932,斗罗大陆剧场版 剑道尘心,8.1,douban://douban.com/movie/37000932,2025,中国大陆,动画,金蕾
36882128,写写画画,6.6,douban://douban.com/movie/36882128,2025,日本,剧情,关和亮
36882128,写写画画,6.6,douban://douban.com/movie/36882128,2025,日本,喜剧,关和亮
37040000,柔情挚我,6.9,douban://douban.com/movie/37040000,2025,法国,剧情,安娜·卡泽纳弗·康贝
37125887,家用摄像头,5.5,douban://douban.com/movie/37125887,2025,韩国,恐怖,吴世浩
37657537,宿主,5.4,douban://douban.com/movie/37657537,2025,泰国,剧情,拜拉契·坤完
37657537,宿主,5.4,douban://douban.com/movie/37657537,2025,泰国,惊悚,拜拉契·坤完
37657537,宿主,5.4,douban://douban.com/movie/37657537,2025,泰国,恐怖,拜拉契·坤完
36617018,象山发光事件,5.5,douban://douban.com/movie/36617018,2025,中国大陆,悬疑,赵域
36617018,象山发光事件,5.5,douban://douban.com/movie/36617018,2025,中国大陆,惊悚,赵域
36999840,仙逆剧场版 神临之战,7.1,douban://douban.com/movie/36999840,2025,中国大陆,动作,石头熊 李振锋 王建鑫
36999840,仙逆剧场版 神临之战,7.1,douban://douban.com/movie/36999840,2025,中国大陆,动画,石头熊 李振锋 王建鑫
36999840,仙逆剧场版 神临之战,7.1,douban://douban.com/movie/36999840,2025,中国大陆,奇幻,石头熊 李振锋 王建鑫
36999840,仙逆剧场版 神临之战,7.1,douban://douban.com/movie/36999840,2025,中国大陆,古装,石头熊 李振锋 王建鑫
37149566,家庭计划2,5.7,douban://douban.com/movie/37149566,2025,美国 英国,喜剧,西蒙·赛伦·琼斯
37149566,家庭计划2,5.7,douban://douban.com/movie/37149566,2025,美国 英国,动作,西蒙·赛伦·琼斯
37149566,家庭计划2,5.7,douban://douban.com/movie/37149566,2025,美国 英国,家庭,西蒙·赛伦·琼斯
37269786,不被爱也没关系,6.9,douban://douban.com/movie/37269786,2025,日本,剧情,井樫彩
37033729,英雄百夜,6.5,douban://douban.com/movie/37033729,2025,英国,爱情,朱莉娅·杰克曼
37033729,英雄百夜,6.5,douban://douban.com/movie/37033729,2025,英国,同性,朱莉娅·杰克曼
37033729,英雄百夜,6.5,douban://douban.com/movie/37033729,2025,英国,奇幻,朱莉娅·杰克曼
37806619,这就是我,6.7,douban://douban.com/movie/37806619,2026,日本,剧情,松本优作
37806619,这就是我,6.7,douban://douban.com/movie/37806619,2026,日本,音乐,松本优作
37806619,这就是我,6.7,douban://douban.com/movie/37806619,2026,日本,传记,松本优作
36303600,回声谷,6.3,douban://douban.com/movie/36303600,2025,美国,剧情,迈克·皮尔斯
36303600,回声谷,6.3,douban://douban.com/movie/36303600,2025,美国,惊悚,迈克·皮尔斯
36840069,墙外之音,6.2,douban://douban.com/movie/36840069,2025,韩国,剧情,金泰俊
36840069,墙外之音,6.2,douban://douban.com/movie/36840069,2025,韩国,惊悚,金泰俊
37305658,征服者,6.6,douban://douban.com/movie/37305658,2025,印度,剧情,阿迪蒂亚·达尔
37305658,征服者,6.6,douban://douban.com/movie/37305658,2025,印度,动作,阿迪蒂亚·达尔
37305658,征服者,6.6,douban://douban.com/movie/37305658,2025,印度,惊悚,阿迪蒂亚·达尔
37305658,征服者,6.6,douban://douban.com/movie/37305658,2025,印度,犯罪,阿迪蒂亚·达尔
35929770,魔法蓝精灵,5.9,douban://douban.com/movie/35929770,2025,美国,喜剧,克里斯·米勒
35929770,魔法蓝精灵,5.9,douban://douban.com/movie/35929770,2025,美国,动画,克里斯·米勒
35929770,魔法蓝精灵,5.9,douban://douban.com/movie/35929770,2025,美国,奇幻,克里斯·米勒
35929770,魔法蓝精灵,5.9,douban://douban.com/movie/35929770,2025,美国,冒险,克里斯·米勒
36801713,黑夜终至,5.9,douban://douban.com/movie/36801713,2025,美国 英国,剧情,本·卡隆
36801713,黑夜终至,5.9,douban://douban.com/movie/36801713,2025,美国 英国,惊悚,本·卡隆
36801713,黑夜终至,5.9,douban://douban.com/movie/36801713,2025,美国 英国,犯罪,本·卡隆
37342627,夺命网红2,5.5,douban://douban.com/movie/37342627,2025,美国,悬疑,科提斯·大卫·哈德
37342627,夺命网红2,5.5,douban://douban.com/movie/37342627,2025,美国,惊悚,科提斯·大卫·哈德
37342627,夺命网红2,5.5,douban://douban.com/movie/37342627,2025,美国,恐怖,科提斯·大卫·哈德
36879454,街头顽童,6.3,douban://douban.com/movie/36879454,2025,英国,剧情,哈里斯·迪金森
36770062,史蒂夫,6.4,douban://douban.com/movie/36770062,2025,英国 爱尔兰,剧情,蒂姆·米兰特斯
36770062,史蒂夫,6.4,douban://douban.com/movie/36770062,2025,英国 爱尔兰,喜剧,蒂姆·米兰特斯
36066042,禁忌凝视,5.9,douban://douban.com/movie/36066042,2025,挪威,剧情,尼娜·克纳格
36686604,影星杰·凯利,6.2,douban://douban.com/movie/36686604,2025,美国 英国 意大利,剧情,诺亚·鲍姆巴赫
36686604,影星杰·凯利,6.2,douban://douban.com/movie/36686604,2025,美国 英国 意大利,喜剧,诺亚·鲍姆巴赫
36962085,阴阳眼见子,6.5,douban://douban.com/movie/36962085,2025,日本,喜剧,中村义洋
36962085,阴阳眼见子,6.5,douban://douban.com/movie/36962085,2025,日本,恐怖,中村义洋
36962085,阴阳眼见子,6.5,douban://douban.com/movie/36962085,2025,日本,奇幻,中村义洋
36827697,砖墙谜攻,5.4,douban://douban.com/movie/36827697,2025,德国,剧情,菲利普·科赫
36827697,砖墙谜攻,5.4,douban://douban.com/movie/36827697,2025,德国,科幻,菲利普·科赫
36827697,砖墙谜攻,5.4,douban://douban.com/movie/36827697,2025,德国,悬疑,菲利普·科赫
36827697,砖墙谜攻,5.4,douban://douban.com/movie/36827697,2025,德国,惊悚,菲利普·科赫
37346520,苍蝇之母,5.6,douban://douban.com/movie/37346520,2025,美国,恐怖,约翰·亚当斯 泽尔达·亚当斯 托碧·波塞尔
36720964,德古拉,6.3,douban://douban.com/movie/36720964,2025,罗马尼亚 奥地利 卢森堡 巴西 英国 瑞士,喜剧,拉杜·裘德
36720964,德古拉,6.3,douban://douban.com/movie/36720964,2025,罗马尼亚 奥地利 卢森堡 巴西 英国 瑞士,恐怖,拉杜·裘德
36720964,德古拉,6.3,douban://douban.com/movie/36720964,2025,罗马尼亚 奥地利 卢森堡 巴西 英国 瑞士,歌舞,拉杜·裘德
37192550,如月车站Re：,6.1,douban://douban.com/movie/37192550,2025,日本,恐怖,永江二朗
37344363,鲁邦三世：钱形与两个鲁邦,7.4,douban://douban.com/movie/37344363,2025,日本,剧情,小池健
37344363,鲁邦三世：钱形与两个鲁邦,7.4,douban://douban.com/movie/37344363,2025,日本,动画,小池健
36381774,白日梦奇遇记,6.5,douban://douban.com/movie/36381774,2025,美国,喜剧,埃里克·本森 亚历山大·伍
36381774,白日梦奇遇记,6.5,douban://douban.com/movie/36381774,2025,美国,动画,埃里克·本森 亚历山大·伍
36381774,白日梦奇遇记,6.5,douban://douban.com/movie/36381774,2025,美国,家庭,埃里克·本森 亚历山大·伍
36381774,白日梦奇遇记,6.5,douban://douban.com/movie/36381774,2025,美国,奇幻,埃里克·本森 亚历山大·伍
36381774,白日梦奇遇记,6.5,douban://douban.com/movie/36381774,2025,美国,冒险,埃里克·本森 亚历山大·伍
37347724,当哒当：邪视,6.7,douban://douban.com/movie/37347724,2025,日本,喜剧,山代风我 阿贝尔·贡戈拉
37347724,当哒当：邪视,6.7,douban://douban.com/movie/37347724,2025,日本,动作,山代风我 阿贝尔·贡戈拉
37347724,当哒当：邪视,6.7,douban://douban.com/movie/37347724,2025,日本,动画,山代风我 阿贝尔·贡戈拉
37347724,当哒当：邪视,6.7,douban://douban.com/movie/37347724,2025,日本,奇幻,山代风我 阿贝尔·贡戈拉
36801987,嘻嘻嘻嘻吸血鬼,6.5,douban://douban.com/movie/36801987,2025,日本,剧情,滨崎慎治
36801987,嘻嘻嘻嘻吸血鬼,6.5,douban://douban.com/movie/36801987,2025,日本,喜剧,滨崎慎治
36801987,嘻嘻嘻嘻吸血鬼,6.5,douban://douban.com/movie/36801987,2025,日本,爱情,滨崎慎治
37154144,隔壁的星光,5.5,douban://douban.com/movie/37154144,2025,日本,喜剧,松本花奈
37154144,隔壁的星光,5.5,douban://douban.com/movie/37154144,2025,日本,爱情,松本花奈
37134197,平原上的迷途,6.5,douban://douban.com/movie/37134197,2025,意大利 德国,剧情,弗朗切斯科·索赛
37134197,平原上的迷途,6.5,douban://douban.com/movie/37134197,2025,意大利 德国,喜剧,弗朗切斯科·索赛
37134197,平原上的迷途,6.5,douban://douban.com/movie/37134197,2025,意大利 德国,犯罪,弗朗切斯科·索赛
37090070,明明不是我！,5.7,douban://douban.com/movie/37090070,2025,日本,剧情,山田笃宏
37090070,明明不是我！,5.7,douban://douban.com/movie/37090070,2025,日本,悬疑,山田笃宏
36478801,母爱食堂,7.1,douban://douban.com/movie/36478801,2025,美国,喜剧,斯蒂芬·卓博斯基
37376283,冰雪奇缘：音乐剧,8.3,douban://douban.com/movie/37376283,2025,美国,喜剧,布雷特·沙利文 迈克尔·格兰达吉
37376283,冰雪奇缘：音乐剧,8.3,douban://douban.com/movie/37376283,2025,美国,歌舞,布雷特·沙利文 迈克尔·格兰达吉
37376283,冰雪奇缘：音乐剧,8.3,douban://douban.com/movie/37376283,2025,美国,家庭,布雷特·沙利文 迈克尔·格兰达吉
37376283,冰雪奇缘：音乐剧,8.3,douban://douban.com/movie/37376283,2025,美国,奇幻,布雷特·沙利文 迈克尔·格兰达吉
37376283,冰雪奇缘：音乐剧,8.3,douban://douban.com/movie/37376283,2025,美国,冒险,布雷特·沙利文 迈克尔·格兰达吉
37212415,香槟情缘,5.7,douban://douban.com/movie/37212415,2025,美国,喜剧,马克·斯蒂文·约翰逊
37212415,香槟情缘,5.7,douban://douban.com/movie/37212415,2025,美国,爱情,马克·斯蒂文·约翰逊
37068430,两架钢琴,6.1,douban://douban.com/movie/37068430,2025,法国,剧情,阿诺·戴普勒尚
37068430,两架钢琴,6.1,douban://douban.com/movie/37068430,2025,法国,爱情,阿诺·戴普勒尚
37068430,两架钢琴,6.1,douban://douban.com/movie/37068430,2025,法国,音乐,阿诺·戴普勒尚
35811719,周年纪念日,6.4,douban://douban.com/movie/35811719,2025,美国,惊悚,扬·科马萨
37246591,伪术奇才,6.6,douban://douban.com/movie/37246591,2026,意大利,剧情,斯特凡诺·洛维奇
37246591,伪术奇才,6.6,douban://douban.com/movie/37246591,2026,意大利,历史,斯特凡诺·洛维奇
36587400,为了亚当,5.9,douban://douban.com/movie/36587400,2025,比利时 法国,剧情,劳拉·万德尔
37209893,剧场版 假面骑士加布 零食之家的侵略者,8.3,douban://douban.com/movie/37209893,2025,日本,剧情,杉原辉昭
37209893,剧场版 假面骑士加布 零食之家的侵略者,8.3,douban://douban.com/movie/37209893,2025,日本,动作,杉原辉昭
37209893,剧场版 假面骑士加布 零食之家的侵略者,8.3,douban://douban.com/movie/37209893,2025,日本,科幻,杉原辉昭
37469599,如果能成为恋人,7.0,douban://douban.com/movie/37469599,2025,日本,剧情,山中瑶子
37469599,如果能成为恋人,7.0,douban://douban.com/movie/37469599,2025,日本,爱情,山中瑶子
36362847,海达,6.0,douban://douban.com/movie/36362847,2025,美国,剧情,尼娅·达科斯塔
37384911,极度召唤,5.6,douban://douban.com/movie/37384911,2025,印度尼西亚,恐怖,Hadrah Daeng Ratu
37191804,岸边露伴一动不动 忏悔室,6.2,douban://douban.com/movie/37191804,2025,日本,剧情,渡边一贵
37191804,岸边露伴一动不动 忏悔室,6.2,douban://douban.com/movie/37191804,2025,日本,恐怖,渡边一贵
37191804,岸边露伴一动不动 忏悔室,6.2,douban://douban.com/movie/37191804,2025,日本,奇幻,渡边一贵
37226541,ChaO，我代表人类跟人鱼结婚了,6.3,douban://douban.com/movie/37226541,2025,日本,动画,青木康浩
36481311,亡命父女,6.1,douban://douban.com/movie/36481311,2025,美国 英国,剧情,尼克·罗兰
36481311,亡命父女,6.1,douban://douban.com/movie/36481311,2025,美国 英国,惊悚,尼克·罗兰
37352648,魔法坏女巫：奇幻之夜,8.4,douban://douban.com/movie/37352648,2025,美国,音乐,保罗·达格代尔 凯恩·萨菲亚里 克里斯多夫·斯科特
37352648,魔法坏女巫：奇幻之夜,8.4,douban://douban.com/movie/37352648,2025,美国,歌舞,保罗·达格代尔 凯恩·萨菲亚里 克里斯多夫·斯科特
37284414,攻击鬼魂13号,5.7,douban://douban.com/movie/37284414,2025,泰国,惊悚,塔韦华·温泰
37284414,攻击鬼魂13号,5.7,douban://douban.com/movie/37284414,2025,泰国,恐怖,塔韦华·温泰
37049749,浴火之森,5.8,douban://douban.com/movie/37049749,2026,西班牙,剧情,大卫·维多利
37049749,浴火之森,5.8,douban://douban.com/movie/37049749,2026,西班牙,惊悚,大卫·维多利
37113225,代号巴德,5.9,douban://douban.com/movie/37113225,2025,法国,动作,纪尧姆·德·丰特奈
37113225,代号巴德,5.9,douban://douban.com/movie/37113225,2025,法国,惊悚,纪尧姆·德·丰特奈
36171174,烧酒战争,6.3,douban://douban.com/movie/36171174,2025,美国 韩国,剧情,崔昀贞
36171174,烧酒战争,6.3,douban://douban.com/movie/36171174,2025,美国 韩国,传记,崔昀贞
36171159,杀婴者,6.3,douban://douban.com/movie/36171159,2025,韩国,动作,庾河
36772307,冰湖行动,5.6,douban://douban.com/movie/36772307,2025,美国,惊悚,斯戴芬·卢佐维茨基
36772307,冰湖行动,5.6,douban://douban.com/movie/36772307,2025,美国,犯罪,斯戴芬·卢佐维茨基
36948340,通往你的地图,6.1,douban://douban.com/movie/36948340,2025,美国,剧情,拉斯·霍尔斯道姆
36948340,通往你的地图,6.1,douban://douban.com/movie/36948340,2025,美国,爱情,拉斯·霍尔斯道姆
36707368,罪证子弹3,6.5,douban://douban.com/movie/36707368,2025,法国,剧情,纪尧姆·皮埃雷
36707368,罪证子弹3,6.5,douban://douban.com/movie/36707368,2025,法国,动作,纪尧姆·皮埃雷
36707368,罪证子弹3,6.5,douban://douban.com/movie/36707368,2025,法国,惊悚,纪尧姆·皮埃雷
36707368,罪证子弹3,6.5,douban://douban.com/movie/36707368,2025,法国,犯罪,纪尧姆·皮埃雷
36894397,黄沙漫天,6.0,douban://douban.com/movie/36894397,2025,中国大陆,喜剧,伊力奇
36894397,黄沙漫天,6.0,douban://douban.com/movie/36894397,2025,中国大陆,战争,伊力奇
35882074,冲·撞,6.2,douban://douban.com/movie/35882074,2025,中国大陆,喜剧,蒋佳辰
35882074,冲·撞,6.2,douban://douban.com/movie/35882074,2025,中国大陆,动作,蒋佳辰
