视频id,标题,作者,分区,播放量,弹幕数,点赞数,投币数,收藏数,分享数,评论数,时长,发布时间
BV1fM5R6xEDQ,我伟大的甲方，又来指导技术教学了，哈啊哈哈哈，本视频由libtv赞助算力 #程序员 #打工人 #职场 #LibTV制作 #哩布哩布,老头们的快乐生活,日常,1238424,770,81545,5438,13295,12627,1396,305,1778799600
BV1LE516ZEqd,6月5日公测开启 | 《夜幕之下（代号砰砰）》定档PV首发！,夜幕之下_代号砰砰,手机游戏,2232098,733,56692,9378,16781,6904,2250,310,1778810400
BV1Fo5s6GEgK,ピノキオピー - 歌姫失格 feat. 初音ミク,ピノキオピー_official,VOCALOID·UTAU,161251,10826,46545,29716,25613,9448,6431,203,1778839200
BV1Az5X6tEPZ,同样是玩死循环游戏，边牧是边牧，二哈是二哈！,哈仔十一,汪星人,855278,2123,52399,1929,4010,1037,683,516,1778812200
BV138516nEcs,不想抢票了，从学校走279公里回家！,牛奶的尊严,人文历史,857061,870,64472,12141,8618,2205,1837,808,1778749200
BV138516nEof,同频Melody【BDF2026主题曲】,舞蹈区小锦鲤,街舞,2385401,555,10579,3306,6208,2670,841,248,1778731200
BV1c25R6hEpq,【TF家族练习生】《Devil by the Window》舞蹈COVER,TF家族,明星综合,261012,50575,21372,4350,6673,3943,2663,262,1778839200
BV1fW5M6fEBw,旧说唱乐队第三弹巅峰之作,高卫钧,日常,1895347,4057,312380,81782,47184,7093,3968,178,1778572841
BV1Y7586VEUb,《从业几十年从未见过如此离谱的家庭》,龙三条,综合,528233,805,22882,989,2286,180,249,1411,1778815800
BV13t516QETh,特朗普访华，背后有哪些信号？他还有什么筹码？,数据库kira,财经商业,2527258,4314,76398,13687,19393,7925,4396,737,1778670717
BV1GB5Q6uEDk,1天被蜇50次？养蜂人都在做什么？,影视飓风,数码,1876634,6737,119607,45885,24098,3191,3312,1014,1778749200
BV1pJ596FEjV,校园回忆录：晚自习叽里咕噜忙啥呢？！,元气小鸡血,搞笑,811055,255,35399,1024,1394,727,417,177,1778750718
BV1UA5Q6AEqs,爱能克服彩礼，能克服恶魔，爱赢万难,良田田田,时尚潮流,895151,838,101372,30577,7600,3511,2729,318,1778751000
BV1td526HE1G,《洛克王国：世界》S2赛季「狂欢怪谈」PV首曝，好戏即将开场！,洛克王国世界,网络游戏,2939706,1818,119168,13305,9605,45370,17661,107,1778720400
BV1kt5266Et4,地牢酒馆-07集 《薇薇安的配方与艾拉的新裙子》,粘土工厂,单机游戏,1980518,2968,215717,27698,40831,4447,4894,318,1778688079
BV1NR596KEk4,特朗普再访华：从代表团名单，看中美八年半的关系变化,波士顿圆脸,社科·法律·心理,2083989,678,83616,10733,13398,2265,3067,1507,1778748830
BV1fs5h64EXB,在南京，急头白脸吃一顿鸭子需要几步？,食贫道,日常,175687,3299,14895,6654,4701,3111,963,3974,1778839200
BV1wS516qETH,点进来看答辩,老番茄,单机游戏,3240348,5971,181642,38550,40011,13312,3585,1026,1778666530
BV1bS5y6mEBf,a few/few/a little/little,Howie学英语,校园学习,749345,319,64363,1576,20642,1958,1463,100,1778671812
BV1S45R6VE9J,【warma/怒九】尝尝大海的恐怖吧！《Subnautica2：异星水域》双人联机试玩【更新中】,怒九笑,单机游戏,375340,1524,27065,8192,10831,961,863,4470,1778817600
BV1p7596hEoe,西大闪击西大,巾凡导师,网络游戏,791618,302,31973,1970,1769,1125,500,341,1778750877
BV14L5d66Edk,那些世界级的误会，都是怎么来的？,何大爷课堂,人文历史,1081542,228,89639,2250,15672,6084,1459,100,1778768026
BV1BY596nETZ,成为理性的多面手 Alan x Smoggy【视频播客丨爆能无声 EP6】,无畏契约电竞,电子竞技,376972,953,12374,4762,2830,1462,1369,1089,1778821200
BV1Mi536EELv,欧洲最混乱的老城和顶级富豪岛，差距能有多大？,小鹿Lawrence,出行,2315785,5329,62980,21300,21318,2831,858,1912,1778644819
BV1Rm5N61Epp,数学家老田，已上线！！,田一名sir,原创音乐,4266326,1511,340757,29795,92387,16724,6058,98,1778561403
BV1wPRZBMEft,《陛下何故谋反》,伤心欲茄222,搞笑,10499243,2557,576497,16600,35689,14525,8257,89,1778385600
BV1jA556BE4i,当我坐不同交通工具时，我幻想中的vs实际上的！你会这样吗哈哈哈哈,李如儒也是李蠕蠕,小剧场,3973460,2387,168947,9923,10771,2215,2448,159,1778668800
BV1sC516rEPd,“我一定会找到完美时间线的”,寅山,搞笑,2917378,3198,248439,27580,32408,23112,4589,329,1778670840
BV1Nv5u63E4o,武将无需多言，带何润东哥自律一天！,花小龙oy,健身,2677758,1985,220629,12042,12442,4707,7784,165,1778592963
BV1bP5Q6aEFS,我Chovy！演电影给我演好了呀！感觉嘎子电影里的演技还不如直播间哈哈哈哈,文西与阿漆,影视杂谈,1064755,6862,73721,18917,7011,1935,2637,879,1778749500
BV1dw556MEw9,⚡华强买瓜，但是低音炮⚡,快乐阿依,鬼畜剧场,2379306,1060,195705,32221,49705,22870,4784,118,1778643694
BV1wP5R6FEQ6,史上最离谱海龟汤,力元君,明星综合,882553,4931,94106,45200,19795,3120,1922,1121,1778748515
BV1QT5y6jEre,⚡对 对 子 战 神 6⚡,洛温阿特金森,鬼畜剧场,2192666,1497,138596,15824,22294,4710,2739,116,1778666400
BV1hp5a6mEZ6,当雷军主动要求与马斯克合影，当雷布斯表现得如此谦卑，一个刑辩律师如是说,蔡雅奇刑法,社科·法律·心理,605646,1693,12311,1645,2927,892,3895,325,1778801570
BV1XY546vE1o,3台高速机VS刘谦手速！谁更胜一筹？,影视飓风,数码,6342122,19483,378413,174602,69870,17041,7936,834,1778490000
BV1k45263EbG,你这宝可梦有问题啊！,九夜听风,鬼畜剧场,1382871,1419,49305,9784,11806,19147,1997,148,1778688591
BV1hN596zEas,一口气了解亚洲金融危机,小Lin说,财经商业,381621,1588,25672,9565,10026,1028,1181,1738,1778815928
BV1tc5S6dEiH,目撃！テト31世🎉🎃🧟雨衣・重音テト【官方投稿】,はろけるHalloCel,VOCALOID·UTAU,384709,1031,81191,13656,23506,1759,2145,139,1778743800
BV1Z95R6RE3J,美国各商界的代表团集体会谈。,记者方浩明,社科·法律·心理,1341446,1027,99367,1189,9233,2178,2453,77,1778773585
BV1uS5y6UERa,《小杨有约27#》：逗比的雀巢,小杨Johnson,搞笑,1504809,5445,124469,51691,32650,3508,2925,682,1778671791
BV1uJ5j6vETd,《两杆大烟枪》,神龙士力架,搞笑,4283396,1833,204517,47068,51764,17285,3356,179,1778401800
BV1gx5X6TEKb,又一专坑中国年轻人的网红翻车：“新型骗局”，早该被曝光了,小椰子专栏,社科·法律·心理,1203946,947,28304,1072,5562,1040,1495,408,1778747400
BV1Gz5Q6BETW,（全网最细）盘点三角洲行动13款刀皮，包含各种数值的详细介绍（下期）,颜心做的cat,网络游戏,538500,4538,30537,6345,15564,336,2013,962,1778753400
BV12u5M6uEm3,《重返未来：1999》无名者PV：无名无我 A Stranger Under Every Name,重返未来1999,手机游戏,317274,368,9886,2197,3136,925,1431,250,1778817600
BV1tP5S69E3s,传统京剧《路飞救索隆·索隆买刀》,高雅的邱千,搞笑,743731,928,59383,1325,7286,14648,1696,92,1778699822
BV1zS5R6tEpy,《洛克王国：世界》S2赛季奇遇新精灵登场！,洛克王国世界,网络游戏,1017236,810,50424,3026,3625,13585,8091,101,1778810400
BV1Gn5C6UEpA,真实历史比编剧写的还离谱，为防观众不信，导演楞都没敢拍啊！,电影冷知识,影视杂谈,2961180,2393,121379,4355,40252,1268,2220,234,1778659011
BV1RR5X6jEte,酷酷的小姐姐【魔女养成计划】【up动画】,泡椒小鸡,小剧场,762374,494,38708,8221,18506,2027,861,347,1778757607
BV1SQ5v6sErj,啊吗粽的两个孩子,Q胖迪Q,搞笑,95768,1202,17632,6397,3984,220,476,738,1778835600
BV1sy5P6fEUC,带 霍 金 自 律 的 第 一 天 ！,這麽熊,篮球,2089790,2028,78956,6703,16489,22412,3653,230,1778560200
BV1CX546QENE,热烈欢迎曲家瑞！10年以上的好物，她竟然带来了这——么多！！,papi酱,短片,949689,24732,110616,63408,16787,10053,5455,2494,1778731200
BV1CH5d6iEZ8,洛阳流行爆改性别？满街贵妃是男生，公子是女郎,知名相声演员BBBBB大王,日常,462014,2121,27328,6965,4661,6588,1678,819,1778765281
BV1Jt5969EXp,【深度】统一天下之君，为何成了三百年大乱的始作俑者？,渤海小吏,人文历史,332057,2134,15789,7332,5392,296,1181,3607,1778814000
BV1oX5X6mEN5,我帮她逃命，她拿我赚钱？,法内狂徒高法师,社科·法律·心理,466814,1508,68304,7457,3859,990,2221,180,1778755175
BV1cX516vEu8,《原神》尼可角色PV——「缄口的金弦」,原神,手机游戏,2301503,14425,173428,77102,32557,17224,12452,714,1778731200
BV1UX5y61Euj,竹木复合弓保姆级制作教程（下）,楚瀚弓作室,手工,1785072,959,126556,7124,16267,1362,6995,373,1778672775
BV1fX516eEVy,No cap =))),哈利尼斯塔,日常,3925615,2339,255965,3786,28799,14798,4949,29,1778666313
BV17S5X6DEX2,❤️深海蜜行2：异星水欲❤️,娟juanの奇妙妙屋,单机游戏,376640,783,21674,4307,5484,2029,872,1128,1778770800
BV1TQ5Q68EMG,王老菊教你征服异星水域,怕上火暴王老菊,单机游戏,288278,2905,18512,13883,5847,2348,1455,4418,1778817900
BV1rk5X6sEzy,小时候开智之前,西维西师傅,搞笑,2010855,247,133364,1256,6577,1386,1282,43,1778760910
BV1Pc5R6wEWs,神秘复苏太平古镇（番外篇终）,凯凯王ai动画,人文历史,510098,238,27294,3447,5184,418,1279,309,1778747808
BV1jj5C6HEPd,【毕导】被网友打脸了！居然真能这样？！,毕导,科学科普,966048,2339,83914,16019,14990,1156,2054,299,1778727900
BV1kW5y6vExE,没有对金钱的渴望，全是演死对方的决心,陈嘉伦整个路人,搞笑,1391015,1784,56917,2454,9634,4116,1847,266,1778676423
BV12Z5v6nEdb,化出韩味！掌握韩妆精髓 速通版,姜乘澜,美妆护肤,130185,315,15876,2729,4103,462,973,878,1778831388
BV1aN5d67EKt,LKs对话作家紫金陈：未来10年要写十几本书？,-LKs-,人文历史,245853,1591,16856,3418,4069,958,819,1558,1778817600
BV1865S6FE9P,⚡郝哥 参加郝声音⚡,韩厉飞羽666,影视整活,468174,1515,25773,8613,8673,5011,1304,240,1778722914
BV1hN596zEab,给阿嬷的情书,祁么么mo,手工,551640,156,14988,1037,2461,583,593,200,1778757248
BV1285X6YEUD,发芽土豆竟成南方美食？ 我承认这期我怂了！,海潮有点潮,美食测评,413338,793,17569,685,575,206,1075,119,1778758724
BV1Nm5S6sEyb,【哈基月vlog】等正片的时候就看看无聊的日常~,奈丝兔觅球,日常,592492,501,53425,19190,14435,4245,1411,250,1778730900
BV15r5W6YEz1,？！鼠鼠拯救计划！？,KM二号,鬼畜剧场,2546349,384,184911,12738,34549,9237,1231,166,1778490000
BV1Aq5X6fEYg,世界人民大团结万岁,EvanKail埃文凯尔,日常,510631,245,46700,13936,4719,964,1641,139,1778758698
BV1Hc5C6aEBx,真正的车载空调出现了,妮娜Nina_1212,搞笑,2871352,283,123937,725,6656,8503,1159,17,1778666400
BV1RC5A66EaC,你就说200g的安装包，吊不吊吧？？？？#程序员 #甲方 #打工人 #职场 #sekoai,老头们的快乐生活,日常,1522134,2249,111186,13673,24441,33098,7362,276,1778540400
BV1Xj5E65EEL,把半斤浓汤灌进鱼肚，切开的瞬间，值了！,绵羊料理,美食制作,5178257,10324,231394,82892,46703,4524,2644,360,1778407653
BV1Pi5X68EnZ,英国首相又双叕被逼宫了？但这次优势在我！,麻薯波比呀,社科·法律·心理,894229,1526,51996,4942,6911,475,1230,979,1778758168
BV1m3596vEfi,这首歌是我永远的白月光,林芷伊kiwi,仿妆cos,468343,379,23407,1966,1706,516,828,112,1778756402
BV1hk5k6yE1z,超详细全流程步骤拆解！日常全妆教程（新老手皆宜版）,姜乘澜,美妆护肤,951015,1270,113727,27933,62152,6481,4609,839,1778662800
BV1EV5s6rEdX,【呼吁】请关注校工生活环境！,一颗霉屎的桔勒勒,搞笑,1313427,140,94542,707,9572,386,245,119,1778662800
BV1ap5C67EUq,这个MC游戏真让老玩家超破防,时空小涵,单机游戏,414751,441,38432,996,10239,196,593,933,1778750741
BV1S65b6BEQq,【原神】尼可+布伦妮综合测评：加攻击力的盾辅！武器对比+技能解读+圣遗物选择+命座提升！金发大天使！,卡特亚,手机游戏,308930,1878,21242,5199,2714,1205,3240,1368,1778817600
BV1dt5S6MEk6,今天下雨错失200工钱，省钱走回去买丸子给扬扬做麻辣香锅,舅舅带扬扬长大,亲子,400031,184,57958,36313,3343,218,942,108,1778728749
BV1kLRXBsE84,《无能的郝哥》,增殖的发呆,搞笑,6570639,10088,321888,62055,69054,82123,13265,181,1778306167
BV1ez5y6sE2H,耳机党进！沉浸式感受露式ASMR！,赵露思,明星综合,1414200,7282,43644,19358,28202,3595,10247,441,1778678745
BV1zq5565Ec3,地牢酒馆-05集 《海族少女与血族的请求》,粘土工厂,单机游戏,2272238,2247,224952,24851,45660,5157,3422,323,1778641735
BV1gT5Y6mEn2,美国总统特朗普结束访华离开北京,新华社,日常,675922,1134,36655,565,2232,1997,141,34,1778826947
BV1rx5g6KERe,太银翼了兄弟！,杨齐家_,单机游戏,3484318,6297,128490,13208,40447,1550,8562,1108,1778585493
BV1Jt5969EUe,【泰拉TV重制版】第三集：探索丛林与地牢！,逸辰菌zZ,影视剪辑,382477,227,27649,644,5310,1773,344,282,1778750001
BV1J35R6sEci,刚换到苍穹之光的第一把竟然就需要我发力,磊哥游戏,手机游戏,470176,460,37993,1310,1130,389,1239,136,1778806800
BV1fs5b6UE4z,中美会面前，双方如何出招？,小王Albert,人文历史,3516901,18708,232962,168536,64188,25221,12993,1538,1778505142
BV1G75u6XEok,特朗普访华专属座驾 他的车都有哪些秘密功能？【野兽一号】,Chris的军事基地,科工机械,2372191,3636,45804,7078,17848,3448,1780,871,1778644800
BV11Z5Y6kEgF,当代年轻人的生存能力,是老胡没错,搞笑,111528,254,7772,1141,866,161,280,240,1778836800
BV1nY5v6BE2e,《ENEMY》主创最新作品预告,煎饼果仔呀,短片,114160,145,23269,5443,2126,490,717,140,1778835583
BV19GRQBqEZM,我长这样，但是我的画…,方远大叔,绘画,4332044,6031,560966,69678,49423,5741,3877,79,1778312839
BV14d5y6CEEY,女特工潜入丨法老复活前夕【AI偶像】,赤鸢与白狐,小剧场,216423,416,37639,3712,35834,18825,624,139,1778675121
BV146516CEWa,《逆转裁判》 90年代复古风律政剧 | 亚内杀疯了，矢张破防,Bye云酱,影视剪辑,994956,880,33736,12812,16450,11118,1498,281,1778664387
BV1CN516qEMu,当代年轻人的随礼方式,超爱玩的小凡凡,搞笑,1653457,247,99569,657,8796,1239,1118,33,1778674448
BV1P65361EBa,《你讹他啊》,伤心欲茄222,搞笑,3508411,1342,227664,5102,9646,4237,2967,137,1778647602
BV1ptdgBgEhU,下课再种地吧,凶鸭栗,同人·手书,4209190,356,145985,4630,8611,1501,671,140,1778320800
BV1ow556MEYX,你可以嫌馒头干可以怕疼可以嫌路远可以挑剔生活中的不完美——因为这正是他们拼了命想为我们换来的人间珍惜——最好的纪念,小川ai大王,影视剪辑,669610,1310,101386,13609,23756,1124,1908,45,1778643802
BV1sf5g6CEAJ,有一艘泰坦尼克号来买瓜,王与也行,鬼畜剧场,1310389,4388,69360,8664,15458,13326,3957,278,1778607495
